CompanyId,CompanyCode,CompanyDescription,EmployeeId,EmployeeFirstName,EmployeeLastName,EmployeeEmail,EmployeeDepartment,EmployeeHireDate
2,Delta,Delta Description,1,Marrilee,Suddaby,msuddaby0@opera.com,Engineering,2007-08-25
5,Whiskey,Whiskey Description,2,Jourdan,Lamlin,jlamlin1@uiuc.edu,Legal,2006-08-09
3,Zulu,Zulu Description,3,Christel,Proudlove,cproudlove2@reverbnation.com,Support,
6,Bravo,Bravo Description,4,Kaylee,Necolds,knecolds3@ucoz.com,Services,2014-11-11
5,Whiskey,Whiskey Description,5,Marty,Aslen,maslen4@cnet.com,Engineering,
1,Tango,Tango Description,6,Evyn,Bartaloni,ebartaloni5@ucoz.com,Legal,2016-05-07
4,Oscar,Oscar Description,7,Ansel,Chambers,achambers6@weather.com,Services,2008-11-02
1,Tango,Tango Description,8,Rhona,Essex,ressex7@accuweather.com,Sales,2016-05-14
7,Charlie,Charlie Description,9,Teresina,Ciardo,tciardo8@answers.com,Sales,2013-10-10
5,Whiskey,Whiskey Description,10,Stanislas,Oldman,soldman9@adobe.com,Human Resources,2018-04-09
4,Oscar,Oscar Description,11,Farrell,Djekovic,fdjekovica@cbslocal.com,Human Resources,2005-06-03
7,Charlie,Charlie Description,12,Norine,Shawdforth,nshawdforthb@tiny.cc,Accounting,2013-07-25
2,Delta,Delta Description,13,Van,Floweth,vflowethc@aboutads.info,Product Management,2004-11-24
10,Alpha,Alpha Description,14,Ilene,Commings,icommingsd@admin.ch,Legal,2006-12-13
2,Delta,Delta Description,15,Sylas,Dreinan,sdreinane@usa.gov,Sales,2019-03-05
3,Zulu,Zulu Description,16,Remy,Cod,rcodf@lulu.com,Accounting,2020-12-10
10,Alpha,Alpha Description,17,Jareb,Pomfret,jpomfretg@blogs.com,Accounting,2009-08-05
5,Whiskey,Whiskey Description,18,Lucais,Burnsall,lburnsallh@yolasite.com,Engineering,2007-11-19
1,Tango,Tango Description,19,Natale,Garvin,ngarvini@intel.com,Sales,2014-11-08
3,Zulu,Zulu Description,20,Darby,McNabb,dmcnabbj@linkedin.com,Sales,2004-10-03
10,Alpha,Alpha Description,21,Gretta,Attrie,gattriek@google.com,Product Management,2001-07-15
6,Bravo,Bravo Description,22,Sella,Dashkovich,sdashkovichl@nasa.gov,Marketing,2012-04-04
4,Oscar,Oscar Description,23,Leeland,Rysdale,lrysdalem@elegantthemes.com,Support,2007-04-25
2,Delta,Delta Description,24,Bryn,Hallaways,bhallawaysn@blogs.com,Marketing,2013-04-06
10,Alpha,Alpha Description,25,Kristel,Tonkinson,ktonkinsono@rakuten.co.jp,Marketing,2011-08-17
7,Charlie,Charlie Description,26,Salvatore,Sharman,ssharmanp@shutterfly.com,Research and Development,2008-03-08
6,Bravo,Bravo Description,27,Sonni,Vance,svanceq@angelfire.com,Marketing,2015-07-24
8,India,India Description,28,Hubey,Danilevich,hdanilevichr@deliciousdays.com,Support,2011-06-02
2,Delta,Delta Description,29,Demetris,Whissell,dwhissells@google.cn,Accounting,2002-07-27
10,Alpha,Alpha Description,30,Bertie,Fandrich,bfandricht@pbs.org,Business Development,2011-09-19
5,Whiskey,Whiskey Description,31,Gert,Alyutin,galyutinu@spiegel.de,Sales,2010-06-27
10,Alpha,Alpha Description,32,Malynda,Flynn,mflynnv@wikimedia.org,Legal,2007-08-23
7,Charlie,Charlie Description,33,Joscelin,Searl,jsearlw@ask.com,Product Management,2005-01-02
5,Whiskey,Whiskey Description,34,Mufinella,Caban,mcabanx@businessweek.com,Support,2004-11-02
8,India,India Description,35,Rocky,Pendry,rpendryy@washington.edu,Support,2014-04-27
10,Alpha,Alpha Description,36,Martynne,Botten,mbottenz@walmart.com,Sales,2007-02-26
10,Alpha,Alpha Description,37,Banky,Kinghorn,bkinghorn10@digg.com,Marketing,2001-11-03
5,Whiskey,Whiskey Description,38,Daisy,McCarlie,dmccarlie11@so-net.ne.jp,Sales,2003-03-21
10,Alpha,Alpha Description,39,Gregor,Parfitt,gparfitt12@ebay.com,Business Development,
9,Kilo,Kilo Description,40,Washington,Cellier,wcellier13@cornell.edu,Services,2017-03-20
7,Charlie,Charlie Description,41,Harper,Draisey,hdraisey14@mayoclinic.com,Product Management,2011-04-20
9,Kilo,Kilo Description,42,Kipp,Mungin,kmungin15@google.com.br,Engineering,2016-10-08
9,Kilo,Kilo Description,43,Deva,Scardefield,dscardefield16@jugem.jp,Marketing,2003-07-07
4,Oscar,Oscar Description,44,Ursuline,Benedicto,ubenedicto17@facebook.com,Business Development,2012-06-05
4,Oscar,Oscar Description,45,Zonnya,Marsden,zmarsden18@weebly.com,Research and Development,2011-11-03
3,Zulu,Zulu Description,46,Lonny,Van der Veldt,lvanderveldt19@google.co.uk,Research and Development,2004-10-08
8,India,India Description,47,Carroll,Tabard,ctabard1a@go.com,Engineering,2014-11-09
2,Delta,Delta Description,48,Pacorro,Fawdrey,pfawdrey1b@typepad.com,Business Development,2018-06-29
5,Whiskey,Whiskey Description,49,Abram,Floch,afloch1c@oracle.com,Research and Development,2021-08-17
7,Charlie,Charlie Description,50,Hendrika,Coonan,hcoonan1d@microsoft.com,Engineering,2019-06-24
8,India,India Description,51,Ambur,Hubbold,ahubbold1e@deliciousdays.com,Services,2012-11-17
1,Tango,Tango Description,52,Winnie,Giorgetti,wgiorgetti1f@zdnet.com,Research and Development,2001-07-05
4,Oscar,Oscar Description,53,Boycey,Benedek,bbenedek1g@indiatimes.com,Research and Development,2018-01-31
1,Tango,Tango Description,54,Margaux,Goldney,mgoldney1h@skyrock.com,Engineering,2019-09-17
8,India,India Description,55,Julianne,Tocqueville,jtocqueville1i@cbsnews.com,Human Resources,2002-03-09
3,Zulu,Zulu Description,56,Dolph,Di Napoli,ddinapoli1j@npr.org,Engineering,2013-02-03
10,Alpha,Alpha Description,57,Noami,O'Reilly,noreilly1k@rediff.com,Accounting,2019-03-04
3,Zulu,Zulu Description,58,Elvina,Hawyes,ehawyes1l@google.it,Services,2006-07-16
2,Delta,Delta Description,59,Winslow,Munroe,wmunroe1m@ed.gov,Research and Development,
9,Kilo,Kilo Description,60,Truda,Smeuin,tsmeuin1n@nasa.gov,Services,2015-11-10
2,Delta,Delta Description,61,Hedvige,Di Biaggi,hdibiaggi1o@salon.com,Business Development,2007-05-14
4,Oscar,Oscar Description,62,Ilene,MacShane,imacshane1p@webs.com,Services,2020-03-02
9,Kilo,Kilo Description,63,Nickie,Gouldstone,ngouldstone1q@ebay.com,Legal,2021-07-17
10,Alpha,Alpha Description,64,Morena,Secrett,msecrett1r@latimes.com,Marketing,2019-10-25
8,India,India Description,65,Euphemia,Tomashov,etomashov1s@biblegateway.com,Engineering,2012-12-09
9,Kilo,Kilo Description,66,Shandra,Stenners,sstenners1t@fema.gov,Training,2021-10-10
3,Zulu,Zulu Description,67,Hillary,Humbie,hhumbie1u@goo.gl,Training,2020-07-23
3,Zulu,Zulu Description,68,Massimo,Ochterlony,mochterlony1v@bloglovin.com,Product Management,2005-12-06
2,Delta,Delta Description,69,Amelie,Brumhead,abrumhead1w@bing.com,Services,2018-02-07
7,Charlie,Charlie Description,70,Konstantin,Seddon,kseddon1x@ehow.com,Accounting,2003-03-06
3,Zulu,Zulu Description,71,Ax,Binford,abinford1y@washington.edu,Sales,2010-10-19
10,Alpha,Alpha Description,72,Eda,Barbrook,ebarbrook1z@yahoo.co.jp,Training,2009-09-03
5,Whiskey,Whiskey Description,73,Madlin,Farrans,mfarrans20@gov.uk,Services,2008-04-17
4,Oscar,Oscar Description,74,Wade,Dufour,wdufour21@webnode.com,Legal,2002-01-08
6,Bravo,Bravo Description,75,Kipper,Twidell,ktwidell22@symantec.com,Marketing,2005-03-16
10,Alpha,Alpha Description,76,Fionnula,Spears,fspears23@smugmug.com,Product Management,
3,Zulu,Zulu Description,77,Mari,Neame,mneame24@alibaba.com,Marketing,2006-12-08
3,Zulu,Zulu Description,78,Garek,Shea,gshea25@redcross.org,Support,2018-07-15
6,Bravo,Bravo Description,79,Seymour,Ruvel,sruvel26@blogspot.com,Research and Development,2009-05-26
2,Delta,Delta Description,80,Sigrid,Winscomb,swinscomb27@webnode.com,Sales,2005-12-06
4,Oscar,Oscar Description,81,Elysha,Melonby,emelonby28@youtube.com,Product Management,2010-07-29
6,Bravo,Bravo Description,82,Morgan,Ferney,mferney29@loc.gov,Accounting,2009-06-12
7,Charlie,Charlie Description,83,Cornie,Jennery,cjennery2a@odnoklassniki.ru,Human Resources,2001-02-09
5,Whiskey,Whiskey Description,84,Raynor,Cherryman,rcherryman2b@cbc.ca,Services,2019-09-03
9,Kilo,Kilo Description,85,Milo,Ivasechko,mivasechko2c@google.nl,Marketing,2018-06-12
4,Oscar,Oscar Description,86,Chen,Munslow,cmunslow2d@rediff.com,Services,2010-10-07
6,Bravo,Bravo Description,87,Brande,St. John,bstjohn2e@smh.com.au,Support,2004-03-22
6,Bravo,Bravo Description,88,Georgena,Bargery,gbargery2f@newsvine.com,Legal,2016-11-17
3,Zulu,Zulu Description,89,Mag,Cron,mcron2g@furl.net,Business Development,2011-03-10
1,Tango,Tango Description,90,Clarey,Dodgshun,cdodgshun2h@narod.ru,Marketing,2012-04-09
8,India,India Description,91,Moria,Sutherns,msutherns2i@artisteer.com,Services,2015-11-28
10,Alpha,Alpha Description,92,Nolly,Hethron,nhethron2j@godaddy.com,Accounting,
9,Kilo,Kilo Description,93,Luz,Gerrill,lgerrill2k@1und1.de,Business Development,2012-04-14
1,Tango,Tango Description,94,Kinny,Wagg,kwagg2l@tumblr.com,Marketing,2018-01-11
4,Oscar,Oscar Description,95,Mehetabel,Gavagan,mgavagan2m@usda.gov,Human Resources,
7,Charlie,Charlie Description,96,Salvatore,Roseborough,sroseborough2n@dion.ne.jp,Business Development,2008-11-15
6,Bravo,Bravo Description,97,Nickola,Tucknutt,ntucknutt2o@hubpages.com,Training,2009-10-24
1,Tango,Tango Description,98,Albertine,Ludlam,aludlam2p@pbs.org,Engineering,2019-03-27
10,Alpha,Alpha Description,99,Grover,Beinisch,gbeinisch2q@purevolume.com,Legal,2015-06-07
9,Kilo,Kilo Description,100,Bevvy,Swaffer,bswaffer2r@sphinn.com,Training,2008-11-23
6,Bravo,Bravo Description,101,Broderick,Stormouth,bstormouth2s@addtoany.com,Legal,2005-01-06
10,Alpha,Alpha Description,102,Druci,Gummary,dgummary2t@constantcontact.com,Accounting,2006-05-12
10,Alpha,Alpha Description,103,Louis,Neward,lneward2u@cafepress.com,Product Management,2020-11-01
2,Delta,Delta Description,104,Chrissie,Capper,ccapper2v@cbsnews.com,Human Resources,2013-11-16
4,Oscar,Oscar Description,105,Nadiya,Dundon,ndundon2w@bizjournals.com,Sales,2009-01-26
6,Bravo,Bravo Description,106,Stirling,Woollett,swoollett2x@rediff.com,Legal,2008-12-16
5,Whiskey,Whiskey Description,107,Thorny,Petrulis,tpetrulis2y@chicagotribune.com,Product Management,2002-12-22
4,Oscar,Oscar Description,108,Sydney,Bagster,sbagster2z@hhs.gov,Marketing,2006-01-12
10,Alpha,Alpha Description,109,Sheba,Beckinsale,sbeckinsale30@geocities.jp,Product Management,2009-10-22
4,Oscar,Oscar Description,110,Pietrek,Bottby,pbottby31@virginia.edu,Product Management,2001-12-24
2,Delta,Delta Description,111,Chandler,Townby,ctownby32@e-recht24.de,Accounting,2017-04-26
2,Delta,Delta Description,112,Ike,Boice,iboice33@stanford.edu,Support,2017-04-17
6,Bravo,Bravo Description,113,Guillema,Humpage,ghumpage34@typepad.com,Research and Development,2006-03-13
4,Oscar,Oscar Description,114,Jannelle,Hawgood,jhawgood35@opensource.org,Training,2017-07-04
2,Delta,Delta Description,115,Eadie,Bannell,ebannell36@mail.ru,Marketing,2010-08-24
3,Zulu,Zulu Description,116,Noak,Garrie,ngarrie37@netlog.com,Support,2012-08-11
3,Zulu,Zulu Description,117,Donna,Mossdale,dmossdale38@fotki.com,Training,
8,India,India Description,118,Roy,Emeny,remeny39@stumbleupon.com,Research and Development,2002-10-12
1,Tango,Tango Description,119,Giorgia,Neachell,gneachell3a@hc360.com,Human Resources,2015-06-29
9,Kilo,Kilo Description,120,Pattin,Sheasby,psheasby3b@com.com,Marketing,2015-04-22
7,Charlie,Charlie Description,121,Rutger,cornhill,rcornhill3c@uiuc.edu,Product Management,2006-10-26
7,Charlie,Charlie Description,122,Heinrick,Najara,hnajara3d@bandcamp.com,Engineering,2021-02-19
2,Delta,Delta Description,123,Myrle,Snoday,msnoday3e@bbb.org,Support,2001-06-01
2,Delta,Delta Description,124,Gui,McEachern,gmceachern3f@vimeo.com,Human Resources,2015-10-10
4,Oscar,Oscar Description,125,Kelbee,Belding,kbelding3g@cnet.com,Services,2012-10-31
7,Charlie,Charlie Description,126,Maryanna,Flynn,mflynn3h@so-net.ne.jp,Training,2019-03-02
4,Oscar,Oscar Description,127,Issie,Markova,imarkova3i@php.net,Support,2013-06-11
9,Kilo,Kilo Description,128,Allina,Bowdery,abowdery3j@opera.com,Product Management,2009-01-06
2,Delta,Delta Description,129,Lissie,Myderscough,lmyderscough3k@google.nl,Business Development,
7,Charlie,Charlie Description,130,Dwayne,Tonge,dtonge3l@princeton.edu,Human Resources,2009-05-28
4,Oscar,Oscar Description,131,Gabrielle,Hrihorovich,ghrihorovich3m@taobao.com,Marketing,2014-12-09
2,Delta,Delta Description,132,Hugo,Gimeno,hgimeno3n@ucoz.com,Services,2007-11-29
4,Oscar,Oscar Description,133,Hernando,Bare,hbare3o@icio.us,Training,
1,Tango,Tango Description,134,Alisander,Kilroy,akilroy3p@bandcamp.com,Engineering,2015-12-04
5,Whiskey,Whiskey Description,135,Anthiathia,Eton,aeton3q@cbsnews.com,Engineering,
8,India,India Description,136,Felita,Tudbald,ftudbald3r@cam.ac.uk,Product Management,2017-08-05
6,Bravo,Bravo Description,137,Blondie,D'Aguanno,bdaguanno3s@craigslist.org,Services,2020-08-16
1,Tango,Tango Description,138,Raymond,Whordley,rwhordley3t@reference.com,Services,2013-09-07
10,Alpha,Alpha Description,139,Allistir,McKean,amckean3u@yellowbook.com,Human Resources,2020-08-09
6,Bravo,Bravo Description,140,Harbert,Slyme,hslyme3v@jimdo.com,Services,2005-08-11
2,Delta,Delta Description,141,Winona,Gosby,wgosby3w@comsenz.com,Marketing,2017-05-26
3,Zulu,Zulu Description,142,Jewell,McKeighan,jmckeighan3x@intel.com,Legal,2009-05-09
1,Tango,Tango Description,143,Ingrim,Dunsmore,idunsmore3y@addthis.com,Legal,2006-11-22
6,Bravo,Bravo Description,144,Dilan,Bateson,dbateson3z@tamu.edu,Training,2005-04-07
7,Charlie,Charlie Description,145,Susanetta,Deeth,sdeeth40@answers.com,Services,2010-06-11
5,Whiskey,Whiskey Description,146,Amity,Benes,abenes41@ameblo.jp,Marketing,
7,Charlie,Charlie Description,147,Levey,Murrthum,lmurrthum42@fema.gov,Marketing,2014-09-04
7,Charlie,Charlie Description,148,Maren,Aitcheson,maitcheson43@merriam-webster.com,Support,2004-09-01
5,Whiskey,Whiskey Description,149,Skipper,Verduin,sverduin44@bbc.co.uk,Human Resources,2011-08-17
1,Tango,Tango Description,150,Galven,Whitaker,gwhitaker45@go.com,Business Development,2003-02-22
4,Oscar,Oscar Description,151,Kirsteni,Cleaver,kcleaver46@arstechnica.com,Training,2015-12-11
6,Bravo,Bravo Description,152,Orly,Wickham,owickham47@redcross.org,Services,2018-11-24
5,Whiskey,Whiskey Description,153,Bartholomew,Pearman,bpearman48@slashdot.org,Support,2007-07-07
6,Bravo,Bravo Description,154,Danyette,Llop,dllop49@blogtalkradio.com,Support,2020-11-23
8,India,India Description,155,Dario,Dooley,ddooley4a@sourceforge.net,Product Management,2016-10-27
4,Oscar,Oscar Description,156,Maddy,Pearce,mpearce4b@meetup.com,Support,
4,Oscar,Oscar Description,157,Josselyn,Woller,jwoller4c@yolasite.com,Training,
8,India,India Description,158,Spike,Coster,scoster4d@chron.com,Product Management,
4,Oscar,Oscar Description,159,Mary,Beedie,mbeedie4e@t-online.de,Training,2011-03-17
5,Whiskey,Whiskey Description,160,Neill,Raspin,nraspin4f@blogtalkradio.com,Legal,2008-10-18
6,Bravo,Bravo Description,161,Borden,Balsillie,bbalsillie4g@soundcloud.com,Support,2009-08-13
4,Oscar,Oscar Description,162,Egor,Morehall,emorehall4h@bbc.co.uk,Training,2014-05-27
5,Whiskey,Whiskey Description,163,Demetria,Lampkin,dlampkin4i@yelp.com,Product Management,2021-03-11
8,India,India Description,164,Tiphani,Ganiford,tganiford4j@sakura.ne.jp,Marketing,
10,Alpha,Alpha Description,165,Bonnee,Hourstan,bhourstan4k@ehow.com,Engineering,2020-02-09
8,India,India Description,166,Brook,Tarbatt,btarbatt4l@t.co,Legal,
1,Tango,Tango Description,167,Agna,Tabram,atabram4m@columbia.edu,Business Development,2012-12-29
5,Whiskey,Whiskey Description,168,Marietta,Pichmann,mpichmann4n@imdb.com,Product Management,2010-11-19
1,Tango,Tango Description,169,Beatriz,Sinott,bsinott4o@ask.com,Support,2007-09-28
2,Delta,Delta Description,170,Perle,Matherson,pmatherson4p@ning.com,Business Development,2006-07-14
4,Oscar,Oscar Description,171,Gottfried,Royse,groyse4q@opera.com,Research and Development,
3,Zulu,Zulu Description,172,Doti,Piotrkowski,dpiotrkowski4r@amazon.co.jp,Research and Development,2019-12-04
3,Zulu,Zulu Description,173,Jereme,Southard,jsouthard4s@nydailynews.com,Human Resources,2019-12-28
2,Delta,Delta Description,174,Bridget,Thorius,bthorius4t@digg.com,Research and Development,2010-02-28
7,Charlie,Charlie Description,175,Packston,De Giorgio,pdegiorgio4u@xing.com,Product Management,2015-09-20
4,Oscar,Oscar Description,176,Ferd,Izchaki,fizchaki4v@nps.gov,Sales,2009-11-08
4,Oscar,Oscar Description,177,Tuckie,Woollons,twoollons4w@wsj.com,Sales,2020-05-01
6,Bravo,Bravo Description,178,Tadd,Cornely,tcornely4x@vistaprint.com,Engineering,2017-11-23
9,Kilo,Kilo Description,179,Lynnett,Musgrove,lmusgrove4y@mlb.com,Human Resources,2011-01-04
3,Zulu,Zulu Description,180,Dorelle,Goldsby,dgoldsby4z@shutterfly.com,Research and Development,2010-12-14
6,Bravo,Bravo Description,181,Scotti,Ramel,sramel50@archive.org,Product Management,2007-08-22
10,Alpha,Alpha Description,182,Marylee,Spraggon,mspraggon51@tumblr.com,Services,2004-06-26
5,Whiskey,Whiskey Description,183,Crin,Cockin,ccockin52@abc.net.au,Human Resources,2006-05-29
1,Tango,Tango Description,184,Iggy,Vynarde,ivynarde53@vinaora.com,Services,2021-06-07
9,Kilo,Kilo Description,185,Ronny,Bazell,rbazell54@geocities.com,Support,
5,Whiskey,Whiskey Description,186,Biddy,MacSkeagan,bmacskeagan55@chronoengine.com,Business Development,
3,Zulu,Zulu Description,187,Granny,Sabater,gsabater56@cam.ac.uk,Legal,2011-04-17
9,Kilo,Kilo Description,188,Goldy,Vidineev,gvidineev57@rambler.ru,Support,2018-11-27
8,India,India Description,189,Cassaundra,Crisall,ccrisall58@techcrunch.com,Human Resources,2003-04-12
8,India,India Description,190,Donella,Stiffkins,dstiffkins59@naver.com,Research and Development,2016-08-26
5,Whiskey,Whiskey Description,191,Vick,Zamorrano,vzamorrano5a@seesaa.net,Legal,2007-03-19
4,Oscar,Oscar Description,192,Ogdon,Vernall,overnall5b@psu.edu,Product Management,
2,Delta,Delta Description,193,Thomasine,Lindsley,tlindsley5c@topsy.com,Legal,
10,Alpha,Alpha Description,194,Rafaello,Vasler,rvasler5d@usatoday.com,Legal,2003-05-20
10,Alpha,Alpha Description,195,Emlynn,Guinan,eguinan5e@dailymotion.com,Business Development,2007-06-29
4,Oscar,Oscar Description,196,Barny,Zelley,bzelley5f@last.fm,Sales,2017-12-27
5,Whiskey,Whiskey Description,197,Becca,Willetts,bwilletts5g@wsj.com,Services,2019-12-02
3,Zulu,Zulu Description,198,Madison,Curness,mcurness5h@technorati.com,Marketing,2010-01-16
3,Zulu,Zulu Description,199,Kore,Freak,kfreak5i@acquirethisname.com,Engineering,2017-02-09
3,Zulu,Zulu Description,200,Anni,Cunningham,acunningham5j@xinhuanet.com,Support,2004-08-24
9,Kilo,Kilo Description,201,Lennie,Clemon,lclemon5k@reverbnation.com,Human Resources,2018-04-22
9,Kilo,Kilo Description,202,Bessy,Austen,bausten5l@over-blog.com,Training,2007-01-21
8,India,India Description,203,Byrle,Colerick,bcolerick5m@sohu.com,Services,2021-10-21
9,Kilo,Kilo Description,204,Vally,Mochar,vmochar5n@google.nl,Marketing,2013-04-14
2,Delta,Delta Description,205,Courtnay,Hayzer,chayzer5o@lycos.com,Accounting,
6,Bravo,Bravo Description,206,Bibbye,Decroix,bdecroix5p@soup.io,Marketing,2001-01-15
6,Bravo,Bravo Description,207,Janetta,Lester,jlester5q@globo.com,Business Development,2011-05-30
3,Zulu,Zulu Description,208,Gale,Madsen,gmadsen5r@reddit.com,Human Resources,2020-08-19
1,Tango,Tango Description,209,Julee,Keast,jkeast5s@t-online.de,Research and Development,2018-09-03
2,Delta,Delta Description,210,Glynda,Sherrard,gsherrard5t@wsj.com,Services,2005-11-22
6,Bravo,Bravo Description,211,Karine,Garrie,kgarrie5u@dailymail.co.uk,Marketing,2009-11-17
10,Alpha,Alpha Description,212,Muffin,Grebbin,mgrebbin5v@yale.edu,Marketing,2012-03-03
8,India,India Description,213,Rubi,Stolberger,rstolberger5w@kickstarter.com,Marketing,2018-04-28
4,Oscar,Oscar Description,214,Penelope,Grayston,pgrayston5x@deviantart.com,Product Management,2009-03-22
10,Alpha,Alpha Description,215,Gav,Walter,gwalter5y@ezinearticles.com,Research and Development,2016-08-04
1,Tango,Tango Description,216,Sisely,Scalera,sscalera5z@jalbum.net,Support,2008-06-07
4,Oscar,Oscar Description,217,Jozef,Van Ross,jvanross60@unc.edu,Training,2011-05-03
8,India,India Description,218,Kurtis,Dewen,kdewen61@gnu.org,Product Management,
8,India,India Description,219,Bron,Stive,bstive62@java.com,Legal,2008-10-28
8,India,India Description,220,Jesse,Eustice,jeustice63@a8.net,Business Development,2005-08-08
6,Bravo,Bravo Description,221,Sadye,Weekes,sweekes64@rakuten.co.jp,Accounting,2014-12-30
1,Tango,Tango Description,222,Reine,Downage,rdownage65@patch.com,Training,2020-11-08
7,Charlie,Charlie Description,223,Heda,Dowers,hdowers66@hostgator.com,Services,2014-01-16
8,India,India Description,224,Fernandina,Kidby,fkidby67@list-manage.com,Accounting,2004-09-07
9,Kilo,Kilo Description,225,Shanna,Kirkland,skirkland68@princeton.edu,Sales,2015-07-28
4,Oscar,Oscar Description,226,Bea,Dict,bdict69@prweb.com,Research and Development,2010-08-07
9,Kilo,Kilo Description,227,Monro,Heeron,mheeron6a@skyrock.com,Support,2018-06-10
6,Bravo,Bravo Description,228,Lissi,Paterno,lpaterno6b@cyberchimps.com,Business Development,2011-03-16
2,Delta,Delta Description,229,Kinnie,Secrett,ksecrett6c@boston.com,Human Resources,2020-05-16
9,Kilo,Kilo Description,230,Fabio,Springtorpe,fspringtorpe6d@howstuffworks.com,Research and Development,2012-09-19
4,Oscar,Oscar Description,231,Adrian,Budge,abudge6e@chronoengine.com,Marketing,2012-11-12
9,Kilo,Kilo Description,232,Mack,Rossant,mrossant6f@umn.edu,Human Resources,2005-04-26
6,Bravo,Bravo Description,233,Omar,Abell,oabell6g@amazonaws.com,Engineering,2017-05-15
7,Charlie,Charlie Description,234,Marigold,Bellenger,mbellenger6h@bigcartel.com,Engineering,2010-01-24
3,Zulu,Zulu Description,235,Gaylor,Duckit,gduckit6i@ucsd.edu,Legal,2017-05-15
10,Alpha,Alpha Description,236,Xymenes,Castle,xcastle6j@mysql.com,Sales,2008-07-21
9,Kilo,Kilo Description,237,Cheryl,Hasser,chasser6k@hud.gov,Human Resources,2013-11-25
6,Bravo,Bravo Description,238,Rhett,Wasiel,rwasiel6l@about.com,Research and Development,2012-10-08
7,Charlie,Charlie Description,239,Orren,Le Brum,olebrum6m@army.mil,Engineering,
10,Alpha,Alpha Description,240,Worth,Trelease,wtrelease6n@purevolume.com,Business Development,2016-03-22
9,Kilo,Kilo Description,241,Curr,Mains,cmains6o@amazon.de,Product Management,2005-05-25
10,Alpha,Alpha Description,242,Letty,Edgecumbe,ledgecumbe6p@tuttocitta.it,Marketing,
7,Charlie,Charlie Description,243,Fairlie,McAtamney,fmcatamney6q@hp.com,Marketing,2010-09-02
4,Oscar,Oscar Description,244,Ira,Daubeny,idaubeny6r@skyrock.com,Business Development,2006-04-21
2,Delta,Delta Description,245,Margaret,Junkison,mjunkison6s@merriam-webster.com,Accounting,
5,Whiskey,Whiskey Description,246,Pandora,Thickens,pthickens6t@washingtonpost.com,Support,2013-12-11
7,Charlie,Charlie Description,247,Davy,Dhillon,ddhillon6u@smh.com.au,Sales,2021-06-15
4,Oscar,Oscar Description,248,Fairfax,Sievewright,fsievewright6v@zimbio.com,Business Development,2016-08-05
5,Whiskey,Whiskey Description,249,Antonella,Maskelyne,amaskelyne6w@unesco.org,Research and Development,2009-02-11
6,Bravo,Bravo Description,250,Curt,Deners,cdeners6x@lycos.com,Support,2002-05-12
10,Alpha,Alpha Description,251,Nathan,Chaulk,nchaulk6y@theatlantic.com,Research and Development,2021-08-05
2,Delta,Delta Description,252,Brande,Bodicam,bbodicam6z@va.gov,Human Resources,2013-10-26
2,Delta,Delta Description,253,Rozele,Cantua,rcantua70@furl.net,Human Resources,2012-03-29
5,Whiskey,Whiskey Description,254,Eben,Sollitt,esollitt71@bandcamp.com,Legal,2021-04-08
6,Bravo,Bravo Description,255,Lew,Sartain,lsartain72@quantcast.com,Product Management,
1,Tango,Tango Description,256,Eugen,Cripin,ecripin73@1und1.de,Training,
6,Bravo,Bravo Description,257,Suzann,Peto,speto74@woothemes.com,Legal,
6,Bravo,Bravo Description,258,Rollie,Willingale,rwillingale75@printfriendly.com,Product Management,2005-07-22
8,India,India Description,259,Florance,Clifforth,fclifforth76@msn.com,Legal,2021-12-28
3,Zulu,Zulu Description,260,Brett,Swansbury,bswansbury77@hugedomains.com,Business Development,2002-04-24
3,Zulu,Zulu Description,261,Morie,Sneezum,msneezum78@ed.gov,Marketing,2012-12-17
8,India,India Description,262,Page,Le Claire,pleclaire79@comsenz.com,Sales,2020-03-06
9,Kilo,Kilo Description,263,Suellen,Davet,sdavet7a@npr.org,Services,2003-02-07
5,Whiskey,Whiskey Description,264,Carolina,Tweedlie,ctweedlie7b@dell.com,Product Management,
2,Delta,Delta Description,265,Harrie,Linnit,hlinnit7c@a8.net,Training,2010-03-11
1,Tango,Tango Description,266,Tallou,Ballance,tballance7d@amazon.co.uk,Support,2019-09-01
4,Oscar,Oscar Description,267,Price,Ledington,pledington7e@cnbc.com,Engineering,
6,Bravo,Bravo Description,268,Tory,Hains,thains7f@zimbio.com,Marketing,2021-11-24
5,Whiskey,Whiskey Description,269,Annabell,Rolls,arolls7g@joomla.org,Training,2004-06-10
5,Whiskey,Whiskey Description,270,Hayward,Rozzier,hrozzier7h@vimeo.com,Business Development,2002-06-12
6,Bravo,Bravo Description,271,Gustie,Benzie,gbenzie7i@blogger.com,Human Resources,2003-06-29
9,Kilo,Kilo Description,272,Joycelin,Boldison,jboldison7j@yahoo.com,Marketing,2017-05-30
5,Whiskey,Whiskey Description,273,Natal,Broderick,nbroderick7k@qq.com,Marketing,2014-08-25
4,Oscar,Oscar Description,274,Waylin,Reignould,wreignould7l@bravesites.com,Services,
1,Tango,Tango Description,275,Desdemona,Davidek,ddavidek7m@wired.com,Research and Development,2004-06-21
4,Oscar,Oscar Description,276,Deeann,Peet,dpeet7n@washingtonpost.com,Marketing,2017-02-07
1,Tango,Tango Description,277,Burnard,Chalmers,bchalmers7o@freewebs.com,Accounting,2012-04-09
9,Kilo,Kilo Description,278,Rabbi,Chipping,rchipping7p@europa.eu,Legal,2015-10-11
6,Bravo,Bravo Description,279,Tailor,Duhig,tduhig7q@howstuffworks.com,Marketing,2015-10-09
5,Whiskey,Whiskey Description,280,Riordan,Coan,rcoan7r@walmart.com,Research and Development,2008-08-11
8,India,India Description,281,Tracee,Coonihan,tcoonihan7s@instagram.com,Product Management,2013-05-22
6,Bravo,Bravo Description,282,Hedvig,Fernehough,hfernehough7t@hhs.gov,Research and Development,2011-11-27
1,Tango,Tango Description,283,Thalia,Shimwell,tshimwell7u@nyu.edu,Legal,2010-05-22
5,Whiskey,Whiskey Description,284,Carolyn,Rudland,crudland7v@last.fm,Sales,2006-12-02
7,Charlie,Charlie Description,285,Anna-diana,Fenlon,afenlon7w@toplist.cz,Research and Development,
6,Bravo,Bravo Description,286,Jose,Grzegorzewski,jgrzegorzewski7x@barnesandnoble.com,Legal,2006-06-23
4,Oscar,Oscar Description,287,Mariejeanne,Turmall,mturmall7y@washington.edu,Accounting,2002-01-26
3,Zulu,Zulu Description,288,Stormie,Coggell,scoggell7z@qq.com,Human Resources,2018-10-25
7,Charlie,Charlie Description,289,Alphonse,Halsworth,ahalsworth80@skype.com,Research and Development,2012-07-31
10,Alpha,Alpha Description,290,Ginevra,Brandham,gbrandham81@virginia.edu,Engineering,2014-11-28
1,Tango,Tango Description,291,Linoel,Rogeon,lrogeon82@google.ca,Support,2011-12-26
5,Whiskey,Whiskey Description,292,Tome,Shenton,tshenton83@mapquest.com,Human Resources,2002-02-23
4,Oscar,Oscar Description,293,Jone,Deacon,jdeacon84@blog.com,Services,2011-01-01
5,Whiskey,Whiskey Description,294,Barnaby,Broadfoot,bbroadfoot85@timesonline.co.uk,Human Resources,2011-03-29
7,Charlie,Charlie Description,295,Vale,Dibley,vdibley86@stanford.edu,Sales,2018-06-17
1,Tango,Tango Description,296,Gannon,Lisett,glisett87@clickbank.net,Support,2010-06-09
5,Whiskey,Whiskey Description,297,Bary,Awdry,bawdry88@npr.org,Engineering,2004-07-04
6,Bravo,Bravo Description,298,Gabriello,Munkley,gmunkley89@dagondesign.com,Marketing,2010-10-07
1,Tango,Tango Description,299,Selie,Fitkin,sfitkin8a@chicagotribune.com,Sales,2014-11-24
6,Bravo,Bravo Description,300,Margette,Swinerd,mswinerd8b@plala.or.jp,Accounting,2004-04-21
10,Alpha,Alpha Description,301,Nicolais,Wolver,nwolver8c@umich.edu,Support,2009-07-18
1,Tango,Tango Description,302,Hal,Keveren,hkeveren8d@narod.ru,Legal,2009-06-19
9,Kilo,Kilo Description,303,Alex,Groger,agroger8e@comsenz.com,Accounting,2010-06-26
8,India,India Description,304,Nathanael,Whittuck,nwhittuck8f@newyorker.com,Services,2016-02-21
3,Zulu,Zulu Description,305,Darrick,Drogan,ddrogan8g@hibu.com,Sales,2017-12-17
1,Tango,Tango Description,306,Trudy,Daice,tdaice8h@goodreads.com,Marketing,2012-09-06
7,Charlie,Charlie Description,307,Nolan,Von Der Empten,nvonderempten8i@cbc.ca,Legal,
1,Tango,Tango Description,308,Emmit,Besant,ebesant8j@home.pl,Marketing,
8,India,India Description,309,Orton,Aluard,oaluard8k@unesco.org,Legal,2021-03-21
5,Whiskey,Whiskey Description,310,Fred,Cane,fcane8l@oakley.com,Engineering,2015-08-11
2,Delta,Delta Description,311,Humfrey,Lesly,hlesly8m@1und1.de,Research and Development,2013-03-06
5,Whiskey,Whiskey Description,312,Antony,Pacheco,apacheco8n@yahoo.co.jp,Training,2013-12-19
7,Charlie,Charlie Description,313,Thayne,Dillet,tdillet8o@statcounter.com,Support,2021-04-03
7,Charlie,Charlie Description,314,Ara,Bassano,abassano8p@nature.com,Accounting,2017-07-02
5,Whiskey,Whiskey Description,315,Sonny,Casella,scasella8q@moonfruit.com,Human Resources,2008-12-08
4,Oscar,Oscar Description,316,Borden,Gunda,bgunda8r@google.fr,Support,2018-04-12
7,Charlie,Charlie Description,317,Thorvald,Kivell,tkivell8s@eepurl.com,Marketing,2013-11-21
5,Whiskey,Whiskey Description,318,Frank,O'Hederscoll,fohederscoll8t@quantcast.com,Engineering,2004-12-16
6,Bravo,Bravo Description,319,Constanta,Phillpotts,cphillpotts8u@ehow.com,Sales,2019-05-03
10,Alpha,Alpha Description,320,Cornela,Soonhouse,csoonhouse8v@cargocollective.com,Human Resources,2003-06-20
1,Tango,Tango Description,321,Caldwell,Hakonsson,chakonsson8w@fotki.com,Accounting,2001-11-15
7,Charlie,Charlie Description,322,Georges,Duckham,gduckham8x@accuweather.com,Sales,2020-12-11
1,Tango,Tango Description,323,Charmaine,Calterone,ccalterone8y@berkeley.edu,Training,2003-06-24
4,Oscar,Oscar Description,324,Kennie,Watchorn,kwatchorn8z@state.tx.us,Human Resources,2012-11-29
8,India,India Description,325,Kary,Ohlsen,kohlsen90@sitemeter.com,Research and Development,2004-07-03
7,Charlie,Charlie Description,326,Judy,Hanne,jhanne91@eepurl.com,Marketing,2017-08-24
10,Alpha,Alpha Description,327,Karyn,Aubin,kaubin92@tuttocitta.it,Engineering,2021-08-28
10,Alpha,Alpha Description,328,Sisile,Borgnet,sborgnet93@ustream.tv,Sales,2017-06-20
9,Kilo,Kilo Description,329,Melisa,Faithorn,mfaithorn94@stumbleupon.com,Legal,2019-05-02
9,Kilo,Kilo Description,330,Rianon,Moulding,rmoulding95@opensource.org,Training,2019-04-25
6,Bravo,Bravo Description,331,Mignon,Henderson,mhenderson96@aboutads.info,Product Management,2010-12-20
9,Kilo,Kilo Description,332,Benson,Mettericke,bmettericke97@purevolume.com,Legal,2005-04-09
2,Delta,Delta Description,333,Leonard,Cauldwell,lcauldwell98@facebook.com,Product Management,2021-08-09
4,Oscar,Oscar Description,334,Ardyce,Killingsworth,akillingsworth99@hhs.gov,Research and Development,2011-05-28
5,Whiskey,Whiskey Description,335,Hurleigh,Olphert,holphert9a@altervista.org,Legal,2016-11-08
2,Delta,Delta Description,336,Alysia,Bartoletti,abartoletti9b@hibu.com,Legal,2016-10-23
5,Whiskey,Whiskey Description,337,Sukey,Mingaud,smingaud9c@aboutads.info,Human Resources,2008-11-29
10,Alpha,Alpha Description,338,Joni,Abbitt,jabbitt9d@sfgate.com,Training,2007-06-10
3,Zulu,Zulu Description,339,Lena,Garrity,lgarrity9e@ox.ac.uk,Training,2019-02-03
7,Charlie,Charlie Description,340,Brittaney,Mahedy,bmahedy9f@surveymonkey.com,Marketing,
6,Bravo,Bravo Description,341,Rogerio,Bickerstaffe,rbickerstaffe9g@imdb.com,Services,2009-10-07
3,Zulu,Zulu Description,342,Bride,Lampitt,blampitt9h@simplemachines.org,Business Development,2007-11-11
7,Charlie,Charlie Description,343,Jeffry,Marshall,jmarshall9i@miitbeian.gov.cn,Sales,2021-01-10
7,Charlie,Charlie Description,344,Tucky,Maberley,tmaberley9j@businessweek.com,Marketing,2005-06-19
3,Zulu,Zulu Description,345,Sephira,Orneles,sorneles9k@ovh.net,Training,2018-07-06
8,India,India Description,346,Cullie,Terran,cterran9l@boston.com,Marketing,2005-07-14
10,Alpha,Alpha Description,347,Marleah,Remmer,mremmer9m@surveymonkey.com,Product Management,2017-10-30
1,Tango,Tango Description,348,Chuck,Ramsay,cramsay9n@wsj.com,Product Management,
5,Whiskey,Whiskey Description,349,Bobine,Harce,bharce9o@bbc.co.uk,Research and Development,2016-08-09
5,Whiskey,Whiskey Description,350,Alysa,Lethlay,alethlay9p@usa.gov,Marketing,
9,Kilo,Kilo Description,351,Nanete,Gayton,ngayton9q@technorati.com,Legal,
1,Tango,Tango Description,352,Zenia,Ferroni,zferroni9r@ucsd.edu,Sales,2020-03-27
8,India,India Description,353,Hershel,Bolderson,hbolderson9s@spiegel.de,Accounting,2017-03-24
10,Alpha,Alpha Description,354,Gearard,Stoddart,gstoddart9t@microsoft.com,Marketing,2012-11-14
1,Tango,Tango Description,355,Clary,Heddan,cheddan9u@mediafire.com,Legal,2003-02-11
2,Delta,Delta Description,356,Harriet,Yushkin,hyushkin9v@baidu.com,Marketing,
7,Charlie,Charlie Description,357,Sayre,Latey,slatey9w@globo.com,Training,2016-09-10
6,Bravo,Bravo Description,358,Barbara,Sket,bsket9x@reddit.com,Product Management,2017-09-20
2,Delta,Delta Description,359,Whitaker,Daton,wdaton9y@istockphoto.com,Human Resources,2010-01-03
10,Alpha,Alpha Description,360,Arch,Everard,aeverard9z@prlog.org,Services,2001-08-02
6,Bravo,Bravo Description,361,Spense,Offer,soffera0@cyberchimps.com,Engineering,2013-05-30
1,Tango,Tango Description,362,Nanni,Vernall,nvernalla1@linkedin.com,Support,2014-10-29
5,Whiskey,Whiskey Description,363,Jehu,Librey,jlibreya2@example.com,Services,2003-12-02
8,India,India Description,364,Maxie,Van der Baaren,mvanderbaarena3@reuters.com,Services,
2,Delta,Delta Description,365,Taber,Simmig,tsimmiga4@kickstarter.com,Services,2007-02-10
6,Bravo,Bravo Description,366,Malissia,Everard,meverarda5@gnu.org,Engineering,2006-12-16
8,India,India Description,367,Laurette,Tolchard,ltolcharda6@ustream.tv,Research and Development,2017-12-14
3,Zulu,Zulu Description,368,Brittni,Ogilvy,bogilvya7@mapy.cz,Marketing,
3,Zulu,Zulu Description,369,Jordon,Kull,jkulla8@narod.ru,Business Development,2021-03-19
3,Zulu,Zulu Description,370,Cele,Pardoe,cpardoea9@cdbaby.com,Training,2001-01-16
1,Tango,Tango Description,371,Dar,Jeannet,djeannetaa@tamu.edu,Services,2021-01-29
2,Delta,Delta Description,372,Roby,Cheale,rchealeab@businessinsider.com,Support,
2,Delta,Delta Description,373,Maryl,Malloy,mmalloyac@bloglines.com,Engineering,2021-03-08
9,Kilo,Kilo Description,374,Gerri,Lanon,glanonad@youtube.com,Support,2004-10-02
2,Delta,Delta Description,375,Emmaline,Drew-Clifton,edrewcliftonae@oracle.com,Services,2011-07-31
7,Charlie,Charlie Description,376,Alexio,Argent,aargentaf@tmall.com,Sales,
6,Bravo,Bravo Description,377,Hedi,Menichino,hmenichinoag@goo.gl,Sales,2013-02-05
1,Tango,Tango Description,378,Claudetta,Wackett,cwackettah@cafepress.com,Accounting,2011-12-23
10,Alpha,Alpha Description,379,Leigh,Spiby,lspibyai@skyrock.com,Business Development,2002-12-14
6,Bravo,Bravo Description,380,Nariko,Conrath,nconrathaj@usa.gov,Services,2008-12-08
6,Bravo,Bravo Description,381,Lisette,Crowhurst,lcrowhurstak@epa.gov,Support,
3,Zulu,Zulu Description,382,Lauritz,Rippen,lrippenal@hhs.gov,Sales,2013-07-05
9,Kilo,Kilo Description,383,Pia,Looby,ploobyam@sakura.ne.jp,Services,
3,Zulu,Zulu Description,384,Augustus,Veschambes,aveschambesan@sciencedirect.com,Human Resources,2018-10-02
10,Alpha,Alpha Description,385,Amabelle,Harler,aharlerao@cargocollective.com,Services,2005-01-11
7,Charlie,Charlie Description,386,Bill,Padly,bpadlyap@harvard.edu,Training,2007-06-20
9,Kilo,Kilo Description,387,Anabel,Nucator,anucatoraq@utexas.edu,Training,2002-06-03
2,Delta,Delta Description,388,Georgianne,Minghetti,gminghettiar@yandex.ru,Marketing,2017-09-13
1,Tango,Tango Description,389,Lanie,Martinelli,lmartinellias@rakuten.co.jp,Training,2002-05-29
5,Whiskey,Whiskey Description,390,Lidia,Littledike,llittledikeat@yahoo.co.jp,Training,2021-06-16
7,Charlie,Charlie Description,391,Nicoline,Avarne,navarneau@sakura.ne.jp,Services,2001-10-05
7,Charlie,Charlie Description,392,Celestyn,McGahy,cmcgahyav@irs.gov,Research and Development,2020-06-06
10,Alpha,Alpha Description,393,Felice,Linsley,flinsleyaw@miibeian.gov.cn,Engineering,
9,Kilo,Kilo Description,394,Koressa,Miguet,kmiguetax@engadget.com,Human Resources,2009-02-04
2,Delta,Delta Description,395,Ashli,Mary,amaryay@taobao.com,Legal,2001-07-25
6,Bravo,Bravo Description,396,Katusha,Kirton,kkirtonaz@ustream.tv,Accounting,
2,Delta,Delta Description,397,Ameline,Fishly,afishlyb0@lulu.com,Sales,2017-10-22
1,Tango,Tango Description,398,Deena,Domoney,ddomoneyb1@rediff.com,Marketing,
1,Tango,Tango Description,399,Clementia,Caret,ccaretb2@sciencedaily.com,Engineering,2008-03-11
8,India,India Description,400,Lucky,Brimacombe,lbrimacombeb3@unblog.fr,Legal,2017-12-06
2,Delta,Delta Description,401,Shay,Ridolfo,sridolfob4@howstuffworks.com,Product Management,2011-10-29
3,Zulu,Zulu Description,402,Gradeigh,Gudde,gguddeb5@ebay.co.uk,Accounting,2005-01-26
8,India,India Description,403,Tuesday,Cosely,tcoselyb6@naver.com,Business Development,2021-06-02
3,Zulu,Zulu Description,404,Clarissa,Shubotham,cshubothamb7@java.com,Services,2010-08-04
6,Bravo,Bravo Description,405,Marjory,Marchi,mmarchib8@tripod.com,Engineering,2008-12-23
1,Tango,Tango Description,406,Emmie,Griniov,egriniovb9@t-online.de,Research and Development,2016-07-17
10,Alpha,Alpha Description,407,Gizela,Mannering,gmanneringba@chron.com,Marketing,2008-10-09
6,Bravo,Bravo Description,408,Berne,Pepper,bpepperbb@uiuc.edu,Business Development,2003-08-02
7,Charlie,Charlie Description,409,Gawen,Storer,gstorerbc@xrea.com,Research and Development,2012-01-14
9,Kilo,Kilo Description,410,Bord,Beddoe,bbeddoebd@rambler.ru,Legal,2020-10-16
5,Whiskey,Whiskey Description,411,Melva,Zima,mzimabe@dell.com,Support,2001-01-04
10,Alpha,Alpha Description,412,Imelda,Wrigley,iwrigleybf@shareasale.com,Product Management,2011-02-13
1,Tango,Tango Description,413,Shandee,Glennon,sglennonbg@jiathis.com,Human Resources,2020-08-04
9,Kilo,Kilo Description,414,Wilfred,Ponder,wponderbh@blogspot.com,Human Resources,
2,Delta,Delta Description,415,Ros,Dawks,rdawksbi@google.ca,Marketing,2001-05-04
4,Oscar,Oscar Description,416,Leeann,Folks,lfolksbj@alibaba.com,Sales,2008-07-12
9,Kilo,Kilo Description,417,Malinde,Dudhill,mdudhillbk@google.es,Services,2021-10-21
5,Whiskey,Whiskey Description,418,Demetra,Heaseman,dheasemanbl@yahoo.com,Support,2009-09-29
3,Zulu,Zulu Description,419,Saree,Bertomeu,sbertomeubm@examiner.com,Human Resources,2017-10-29
3,Zulu,Zulu Description,420,Constantia,Chaudron,cchaudronbn@gmpg.org,Product Management,2006-02-08
5,Whiskey,Whiskey Description,421,Hatty,FitzGibbon,hfitzgibbonbo@biblegateway.com,Human Resources,
10,Alpha,Alpha Description,422,Leah,Verzey,lverzeybp@artisteer.com,Marketing,2014-08-19
2,Delta,Delta Description,423,Talyah,Penhearow,tpenhearowbq@360.cn,Marketing,2008-05-25
7,Charlie,Charlie Description,424,Mari,Cuttle,mcuttlebr@pagesperso-orange.fr,Marketing,2003-09-16
5,Whiskey,Whiskey Description,425,Karole,Cutler,kcutlerbs@tinypic.com,Training,2011-10-03
7,Charlie,Charlie Description,426,Laetitia,Lambarton,llambartonbt@wisc.edu,Engineering,2006-09-02
7,Charlie,Charlie Description,427,Jeffry,Bellie,jbelliebu@e-recht24.de,Engineering,2018-01-16
9,Kilo,Kilo Description,428,Ellie,Goudy,egoudybv@vk.com,Legal,2020-04-22
1,Tango,Tango Description,429,Deana,Eyre,deyrebw@ebay.co.uk,Support,2001-11-10
3,Zulu,Zulu Description,430,Trixie,Soames,tsoamesbx@wufoo.com,Engineering,2021-03-13
8,India,India Description,431,Aridatha,Van Der Hoog,avanderhoogby@altervista.org,Research and Development,2019-08-30
8,India,India Description,432,Maurita,Feedome,mfeedomebz@telegraph.co.uk,Product Management,2004-01-17
2,Delta,Delta Description,433,Parry,Ricardin,pricardinc0@shinystat.com,Sales,2016-07-11
10,Alpha,Alpha Description,434,Ches,Grangier,cgrangierc1@biglobe.ne.jp,Research and Development,
3,Zulu,Zulu Description,435,Scottie,Dilon,sdilonc2@geocities.com,Product Management,2017-08-28
4,Oscar,Oscar Description,436,Halsy,Davidowich,hdavidowichc3@networksolutions.com,Support,2009-12-30
6,Bravo,Bravo Description,437,Gibb,Kliemke,gkliemkec4@hexun.com,Marketing,2011-01-24
5,Whiskey,Whiskey Description,438,Tulley,McCraine,tmccrainec5@livejournal.com,Marketing,2001-07-14
3,Zulu,Zulu Description,439,Elwin,Dowdall,edowdallc6@buzzfeed.com,Business Development,
5,Whiskey,Whiskey Description,440,Tamra,Batiste,tbatistec7@blinklist.com,Legal,2017-03-28
5,Whiskey,Whiskey Description,441,Galina,Packman,gpackmanc8@answers.com,Training,2021-01-28
7,Charlie,Charlie Description,442,Efrem,Jeger,ejegerc9@technorati.com,Sales,
9,Kilo,Kilo Description,443,Linette,Slay,lslayca@globo.com,Legal,2012-06-11
10,Alpha,Alpha Description,444,Fidelity,Cleverly,fcleverlycb@xrea.com,Training,2015-03-22
8,India,India Description,445,Ignacio,Adam,iadamcc@tripadvisor.com,Product Management,2008-12-16
10,Alpha,Alpha Description,446,Orville,Fortoun,ofortouncd@dmoz.org,Services,2009-02-06
6,Bravo,Bravo Description,447,Ferrel,Boas,fboasce@typepad.com,Support,
9,Kilo,Kilo Description,448,Zabrina,Lettley,zlettleycf@addthis.com,Support,2013-10-01
7,Charlie,Charlie Description,449,Leontyne,Medway,lmedwaycg@prweb.com,Training,2008-04-24
4,Oscar,Oscar Description,450,Trixi,Aseef,taseefch@accuweather.com,Business Development,2008-09-09
7,Charlie,Charlie Description,451,Godfree,Llewelyn,gllewelynci@arstechnica.com,Research and Development,2001-11-23
4,Oscar,Oscar Description,452,Kilian,Cullotey,kculloteycj@tinyurl.com,Marketing,
5,Whiskey,Whiskey Description,453,Kerr,Frantzeni,kfrantzenick@ebay.com,Accounting,2005-06-25
3,Zulu,Zulu Description,454,Genovera,Lorenzetto,glorenzettocl@meetup.com,Business Development,2002-09-04
10,Alpha,Alpha Description,455,Niles,Fawdrie,nfawdriecm@wordpress.org,Product Management,2003-03-09
5,Whiskey,Whiskey Description,456,Dunn,Gready,dgreadycn@webmd.com,Product Management,2017-02-20
4,Oscar,Oscar Description,457,Aubrie,Jotham,ajothamco@sun.com,Engineering,2008-06-13
4,Oscar,Oscar Description,458,Jules,Korb,jkorbcp@miitbeian.gov.cn,Product Management,2008-03-06
5,Whiskey,Whiskey Description,459,Trstram,Slowgrove,tslowgrovecq@indiegogo.com,Research and Development,2018-03-12
10,Alpha,Alpha Description,460,Bone,Ebi,bebicr@uiuc.edu,Accounting,2020-03-24
4,Oscar,Oscar Description,461,Zachery,Colombier,zcolombiercs@networkadvertising.org,Legal,2003-12-02
10,Alpha,Alpha Description,462,Erny,Tortice,etorticect@webs.com,Legal,2018-09-15
7,Charlie,Charlie Description,463,Jack,Halworth,jhalworthcu@bbb.org,Services,2003-12-11
8,India,India Description,464,Sibley,Crossdale,scrossdalecv@wisc.edu,Services,2004-06-05
10,Alpha,Alpha Description,465,Niko,Cardoo,ncardoocw@comcast.net,Sales,2014-09-06
5,Whiskey,Whiskey Description,466,Anderson,Dalliwater,adalliwatercx@apple.com,Legal,2018-09-03
2,Delta,Delta Description,467,Adriaens,Brugden,abrugdency@fda.gov,Human Resources,2014-03-03
5,Whiskey,Whiskey Description,468,Jacky,Brownsmith,jbrownsmithcz@tinyurl.com,Research and Development,2002-06-13
10,Alpha,Alpha Description,469,Edna,Cotta,ecottad0@slate.com,Training,
9,Kilo,Kilo Description,470,Valerie,Yersin,vyersind1@usnews.com,Product Management,2018-12-29
1,Tango,Tango Description,471,Efrem,Wainscoat,ewainscoatd2@wikipedia.org,Sales,2003-04-16
6,Bravo,Bravo Description,472,Hymie,Domenici,hdomenicid3@cyberchimps.com,Services,2002-05-15
3,Zulu,Zulu Description,473,Lavina,Cousans,lcousansd4@icq.com,Legal,2010-02-10
10,Alpha,Alpha Description,474,Giffy,Deam,gdeamd5@craigslist.org,Business Development,2005-07-06
4,Oscar,Oscar Description,475,Bobette,Rouby,broubyd6@shop-pro.jp,Services,2021-03-09
6,Bravo,Bravo Description,476,Angie,McGlone,amcgloned7@accuweather.com,Sales,2008-05-12
7,Charlie,Charlie Description,477,Gratiana,McCerery,gmccereryd8@ox.ac.uk,Human Resources,2013-10-28
2,Delta,Delta Description,478,Sue,Gold,sgoldd9@purevolume.com,Accounting,2003-05-15
7,Charlie,Charlie Description,479,Kailey,Hove,khoveda@zimbio.com,Product Management,2013-09-19
3,Zulu,Zulu Description,480,Carmelle,Coverdale,ccoverdaledb@photobucket.com,Legal,2019-09-14
5,Whiskey,Whiskey Description,481,Marnia,Rentoul,mrentouldc@hostgator.com,Support,2008-07-27
10,Alpha,Alpha Description,482,Shermy,Waylen,swaylendd@china.com.cn,Training,2010-01-08
3,Zulu,Zulu Description,483,Eugine,Cyphus,ecyphusde@sourceforge.net,Engineering,2002-03-11
5,Whiskey,Whiskey Description,484,Abbey,Fulks,afulksdf@indiegogo.com,Training,2008-11-25
9,Kilo,Kilo Description,485,Marshall,Corish,mcorishdg@techcrunch.com,Engineering,2021-02-23
9,Kilo,Kilo Description,486,Davidde,Cowderoy,dcowderoydh@cbslocal.com,Support,2005-08-09
2,Delta,Delta Description,487,Jacquetta,Thornley,jthornleydi@privacy.gov.au,Marketing,2002-07-03
2,Delta,Delta Description,488,Selie,Lapham,slaphamdj@sohu.com,Sales,2009-09-09
10,Alpha,Alpha Description,489,Lonna,Kenealy,lkenealydk@disqus.com,Business Development,2014-11-21
10,Alpha,Alpha Description,490,Knox,Springer,kspringerdl@taobao.com,Legal,2009-03-15
6,Bravo,Bravo Description,491,Talya,Canedo,tcanedodm@xinhuanet.com,Sales,2011-01-06
10,Alpha,Alpha Description,492,Rhody,Westbrook,rwestbrookdn@so-net.ne.jp,Business Development,2020-01-17
8,India,India Description,493,Christan,Waring,cwaringdo@nih.gov,Sales,2020-06-07
4,Oscar,Oscar Description,494,Zorana,Hanscom,zhanscomdp@example.com,Training,2001-11-15
10,Alpha,Alpha Description,495,Margareta,Bartolomeoni,mbartolomeonidq@wikispaces.com,Engineering,
3,Zulu,Zulu Description,496,Bogey,Paintain,bpaintaindr@nasa.gov,Research and Development,
10,Alpha,Alpha Description,497,Rodi,Blaxeland,rblaxelandds@domainmarket.com,Accounting,2007-02-11
5,Whiskey,Whiskey Description,498,Arlen,Gerardet,agerardetdt@zdnet.com,Accounting,2015-03-02
2,Delta,Delta Description,499,Dietrich,Cord,dcorddu@amazonaws.com,Sales,2019-04-20
3,Zulu,Zulu Description,500,Arnold,Reedshaw,areedshawdv@hatena.ne.jp,Legal,2013-07-09
2,Delta,Delta Description,501,Cissy,Freund,cfreunddw@ibm.com,Legal,2014-09-25
6,Bravo,Bravo Description,502,Atlanta,Rubury,aruburydx@wix.com,Human Resources,2017-11-15
3,Zulu,Zulu Description,503,Amelita,Betteson,abettesondy@geocities.jp,Marketing,2008-07-28
3,Zulu,Zulu Description,504,Giorgi,Meadus,gmeadusdz@simplemachines.org,Product Management,2005-08-21
7,Charlie,Charlie Description,505,Frederico,O'Sherrin,fosherrine0@miibeian.gov.cn,Support,2007-05-21
10,Alpha,Alpha Description,506,Stephan,Tinkler,stinklere1@cargocollective.com,Product Management,2006-04-22
5,Whiskey,Whiskey Description,507,Sonja,Jochanany,sjochananye2@usa.gov,Services,2005-09-03
7,Charlie,Charlie Description,508,Gerick,Twentyman,gtwentymane3@163.com,Research and Development,2012-08-06
3,Zulu,Zulu Description,509,Rori,Myott,rmyotte4@latimes.com,Human Resources,2017-01-11
2,Delta,Delta Description,510,Alejandra,Girardez,agirardeze5@1688.com,Business Development,2021-01-20
4,Oscar,Oscar Description,511,Haven,Rihosek,hrihoseke6@reverbnation.com,Human Resources,2002-12-26
10,Alpha,Alpha Description,512,Pierette,Hevey,pheveye7@cbsnews.com,Research and Development,
4,Oscar,Oscar Description,513,Skell,Atterley,satterleye8@cnet.com,Sales,2004-12-19
10,Alpha,Alpha Description,514,Kelsey,Liversidge,kliversidgee9@spiegel.de,Engineering,2014-11-23
3,Zulu,Zulu Description,515,Wendi,Grimstead,wgrimsteadea@ask.com,Engineering,2018-01-31
2,Delta,Delta Description,516,Lemmie,Sustins,lsustinseb@php.net,Services,
6,Bravo,Bravo Description,517,Selene,Maria,smariaec@reddit.com,Product Management,2002-04-05
9,Kilo,Kilo Description,518,Cherey,Silcock,csilcocked@columbia.edu,Accounting,2020-10-14
7,Charlie,Charlie Description,519,Junie,Gigg,jgiggee@dot.gov,Services,2017-03-06
3,Zulu,Zulu Description,520,Julie,Auchinleck,jauchinleckef@mapquest.com,Support,2014-09-16
2,Delta,Delta Description,521,Gawen,Drinkall,gdrinkalleg@goodreads.com,Marketing,2006-10-16
7,Charlie,Charlie Description,522,Catina,Hache,chacheeh@java.com,Human Resources,2018-11-04
6,Bravo,Bravo Description,523,Nikki,Dyer,ndyerei@hibu.com,Training,2018-01-22
9,Kilo,Kilo Description,524,Judy,Whear,jwhearej@eventbrite.com,Services,2014-07-31
10,Alpha,Alpha Description,525,Harbert,Marde,hmardeek@paypal.com,Product Management,2012-11-24
3,Zulu,Zulu Description,526,Kleon,Jefferson,kjeffersonel@cpanel.net,Business Development,2014-05-07
6,Bravo,Bravo Description,527,Lusa,Knowlman,lknowlmanem@fotki.com,Research and Development,2002-06-22
6,Bravo,Bravo Description,528,Jdavie,Plaid,jplaiden@china.com.cn,Engineering,2008-02-03
5,Whiskey,Whiskey Description,529,Milo,Grenshiels,mgrenshielseo@youtu.be,Marketing,2017-02-08
8,India,India Description,530,Heath,Sullens,hsullensep@studiopress.com,Human Resources,2003-03-17
3,Zulu,Zulu Description,531,Giles,Blanko,gblankoeq@privacy.gov.au,Sales,2009-11-11
3,Zulu,Zulu Description,532,Bartie,Tamburo,btamburoer@forbes.com,Support,2002-07-09
8,India,India Description,533,Torrence,Osgorby,tosgorbyes@people.com.cn,Human Resources,2020-12-13
10,Alpha,Alpha Description,534,Gale,Holley,gholleyet@prweb.com,Product Management,2005-12-11
8,India,India Description,535,Farrel,Du Pre,fdupreeu@walmart.com,Legal,2003-06-22
5,Whiskey,Whiskey Description,536,Morley,Rosario,mrosarioev@dot.gov,Human Resources,2013-04-13
5,Whiskey,Whiskey Description,537,Keefer,Follet,kfolletew@weebly.com,Legal,2002-03-04
2,Delta,Delta Description,538,Anne-marie,Denning,adenningex@mashable.com,Marketing,2009-02-10
4,Oscar,Oscar Description,539,Harriet,Keigher,hkeigherey@storify.com,Product Management,2012-11-10
4,Oscar,Oscar Description,540,Forrest,Ramberg,frambergez@spiegel.de,Services,2012-06-13
5,Whiskey,Whiskey Description,541,Davide,Di Boldi,ddiboldif0@fc2.com,Business Development,2016-03-29
9,Kilo,Kilo Description,542,Alon,Phelips,aphelipsf1@yahoo.co.jp,Accounting,
2,Delta,Delta Description,543,Brig,Carlo,bcarlof2@youtu.be,Training,2007-04-12
1,Tango,Tango Description,544,Wolf,Mathelon,wmathelonf3@globo.com,Product Management,2016-06-03
8,India,India Description,545,Charmian,Troughton,ctroughtonf4@imgur.com,Accounting,2020-08-04
8,India,India Description,546,Carlynn,McLeese,cmcleesef5@mlb.com,Services,2020-09-15
3,Zulu,Zulu Description,547,Alphonso,Nussey,anusseyf6@alibaba.com,Sales,2001-03-24
5,Whiskey,Whiskey Description,548,Cecilius,Cleyne,ccleynef7@sogou.com,Research and Development,2021-04-16
6,Bravo,Bravo Description,549,Eduino,Castletine,ecastletinef8@addthis.com,Services,2014-03-29
6,Bravo,Bravo Description,550,Brandise,Bridgeman,bbridgemanf9@cdc.gov,Marketing,2001-08-31
9,Kilo,Kilo Description,551,Gussy,Scardifield,gscardifieldfa@networksolutions.com,Business Development,2005-09-22
10,Alpha,Alpha Description,552,Ralph,Sieghard,rsieghardfb@sohu.com,Engineering,2001-07-16
2,Delta,Delta Description,553,Rufus,Pairpoint,rpairpointfc@mashable.com,Product Management,2003-01-12
4,Oscar,Oscar Description,554,Maryanne,Aberhart,maberhartfd@slideshare.net,Research and Development,
10,Alpha,Alpha Description,555,Mel,Maltster,mmaltsterfe@cdc.gov,Accounting,2012-08-12
5,Whiskey,Whiskey Description,556,Damien,Derby,dderbyff@nymag.com,Marketing,2018-03-19
10,Alpha,Alpha Description,557,Jarrett,Channon,jchannonfg@unesco.org,Legal,2013-09-26
3,Zulu,Zulu Description,558,Joleen,Bygrave,jbygravefh@ehow.com,Product Management,2008-06-26
5,Whiskey,Whiskey Description,559,Loraine,Kinnon,lkinnonfi@gmpg.org,Legal,2002-07-06
2,Delta,Delta Description,560,Kaila,Larvor,klarvorfj@so-net.ne.jp,Services,2003-06-17
6,Bravo,Bravo Description,561,Mark,Grece,mgrecefk@bluehost.com,Accounting,2020-08-18
6,Bravo,Bravo Description,562,Shelby,Bernth,sbernthfl@imgur.com,Services,2015-09-22
1,Tango,Tango Description,563,Mirelle,Bultitude,mbultitudefm@shareasale.com,Product Management,2017-11-05
7,Charlie,Charlie Description,564,Gloriane,Jentzsch,gjentzschfn@imdb.com,Product Management,2014-09-16
1,Tango,Tango Description,565,Willey,Copnell,wcopnellfo@alibaba.com,Human Resources,2012-09-25
9,Kilo,Kilo Description,566,Savina,Gash,sgashfp@blogs.com,Training,2003-07-28
6,Bravo,Bravo Description,567,Gerta,Suttaby,gsuttabyfq@scientificamerican.com,Marketing,2001-05-12
7,Charlie,Charlie Description,568,Tarrah,Gaywood,tgaywoodfr@wikia.com,Support,
3,Zulu,Zulu Description,569,Garrik,Hagger,ghaggerfs@biblegateway.com,Accounting,
10,Alpha,Alpha Description,570,Erin,Rispine,erispineft@spiegel.de,Human Resources,2008-07-30
6,Bravo,Bravo Description,571,Zebulen,Cherry,zcherryfu@eventbrite.com,Research and Development,2003-12-30
3,Zulu,Zulu Description,572,Reggie,Russo,rrussofv@google.cn,Sales,2004-06-18
5,Whiskey,Whiskey Description,573,Sunny,Tooth,stoothfw@eventbrite.com,Marketing,
5,Whiskey,Whiskey Description,574,Den,Stroban,dstrobanfx@hud.gov,Support,
9,Kilo,Kilo Description,575,Maison,Ingman,mingmanfy@tumblr.com,Research and Development,2019-12-25
4,Oscar,Oscar Description,576,Marmaduke,Simes,msimesfz@aol.com,Accounting,2020-10-22
3,Zulu,Zulu Description,577,Martita,Orum,morumg0@shinystat.com,Training,2011-08-31
10,Alpha,Alpha Description,578,Aleece,Bremmer,abremmerg1@qq.com,Services,2005-08-19
7,Charlie,Charlie Description,579,Leland,Carradice,lcarradiceg2@flickr.com,Accounting,2016-03-21
6,Bravo,Bravo Description,580,Ethan,Rofe,erofeg3@chron.com,Accounting,2017-06-19
5,Whiskey,Whiskey Description,581,Kaja,Fish,kfishg4@state.gov,Legal,2018-07-01
4,Oscar,Oscar Description,582,Chandal,Liccardo,cliccardog5@go.com,Sales,2021-04-15
5,Whiskey,Whiskey Description,583,Helena,Gatling,hgatlingg6@360.cn,Accounting,
4,Oscar,Oscar Description,584,Christean,Warnock,cwarnockg7@fc2.com,Human Resources,2009-07-27
10,Alpha,Alpha Description,585,Markos,Hoopper,mhoopperg8@google.co.uk,Engineering,2019-05-28
10,Alpha,Alpha Description,586,Stan,Rouchy,srouchyg9@discuz.net,Marketing,2021-12-24
7,Charlie,Charlie Description,587,Jacquelynn,McCarry,jmccarryga@deliciousdays.com,Marketing,2015-11-17
10,Alpha,Alpha Description,588,Elena,Hachard,ehachardgb@google.cn,Legal,2020-09-28
3,Zulu,Zulu Description,589,Kakalina,Garmans,kgarmansgc@fema.gov,Accounting,2004-10-09
4,Oscar,Oscar Description,590,Shelagh,Rawstorne,srawstornegd@cargocollective.com,Sales,2002-11-30
8,India,India Description,591,Tiff,Rooper,trooperge@businessinsider.com,Research and Development,
5,Whiskey,Whiskey Description,592,Grove,Whines,gwhinesgf@miitbeian.gov.cn,Accounting,
8,India,India Description,593,Henderson,Aspray,haspraygg@indiegogo.com,Marketing,
10,Alpha,Alpha Description,594,Rice,Coneley,rconeleygh@amazon.co.jp,Business Development,2020-03-18
7,Charlie,Charlie Description,595,Timothy,Jowling,tjowlinggi@opensource.org,Legal,2009-10-23
9,Kilo,Kilo Description,596,Winslow,Rooze,wroozegj@hugedomains.com,Engineering,2015-04-04
3,Zulu,Zulu Description,597,Jacky,Deny,jdenygk@cornell.edu,Support,2019-05-10
10,Alpha,Alpha Description,598,Mikaela,Vauter,mvautergl@yelp.com,Sales,2008-12-04
4,Oscar,Oscar Description,599,Bernadene,Woods,bwoodsgm@webnode.com,Engineering,2002-05-11
10,Alpha,Alpha Description,600,Lazaro,Ivasechko,livasechkogn@printfriendly.com,Legal,2009-10-12
3,Zulu,Zulu Description,601,Ludovico,Whannel,lwhannelgo@goo.gl,Business Development,2010-08-04
2,Delta,Delta Description,602,Ernestus,Streatfeild,estreatfeildgp@wunderground.com,Support,2016-02-13
9,Kilo,Kilo Description,603,Ash,Townsend,atownsendgq@sbwire.com,Training,2010-10-19
7,Charlie,Charlie Description,604,Hyacintha,Scarratt,hscarrattgr@live.com,Marketing,2012-03-12
9,Kilo,Kilo Description,605,Jonell,Reddie,jreddiegs@webs.com,Human Resources,
9,Kilo,Kilo Description,606,Kipp,Farry,kfarrygt@deliciousdays.com,Engineering,2001-03-27
4,Oscar,Oscar Description,607,Scarlett,Grabert,sgrabertgu@arizona.edu,Human Resources,2006-02-14
2,Delta,Delta Description,608,Corliss,Lambricht,clambrichtgv@google.es,Training,2008-12-13
10,Alpha,Alpha Description,609,Miof mela,Card,mcardgw@a8.net,Research and Development,2012-05-05
7,Charlie,Charlie Description,610,Bea,Bockmaster,bbockmastergx@prnewswire.com,Training,2003-09-22
4,Oscar,Oscar Description,611,Louie,MacKintosh,lmackintoshgy@xrea.com,Legal,2012-10-20
8,India,India Description,612,Edithe,Coultas,ecoultasgz@businessinsider.com,Marketing,2006-08-27
9,Kilo,Kilo Description,613,Lotte,Springham,lspringhamh0@auda.org.au,Research and Development,
4,Oscar,Oscar Description,614,Rollo,MacRinn,rmacrinnh1@deliciousdays.com,Legal,2021-07-09
2,Delta,Delta Description,615,Fonzie,Pendergrast,fpendergrasth2@nature.com,Support,2019-07-22
6,Bravo,Bravo Description,616,Linoel,Levesque,llevesqueh3@soundcloud.com,Sales,2012-09-23
3,Zulu,Zulu Description,617,Hedda,Garmanson,hgarmansonh4@a8.net,Human Resources,2006-09-19
9,Kilo,Kilo Description,618,Trudey,McAteer,tmcateerh5@adobe.com,Research and Development,2001-03-21
5,Whiskey,Whiskey Description,619,Doretta,Dicke,ddickeh6@moonfruit.com,Marketing,2007-12-17
6,Bravo,Bravo Description,620,Flem,Sharpe,fsharpeh7@pcworld.com,Training,2005-09-01
4,Oscar,Oscar Description,621,Jasmine,Lokier,jlokierh8@salon.com,Support,2004-11-22
6,Bravo,Bravo Description,622,Shaine,Munks,smunksh9@myspace.com,Accounting,2007-02-24
3,Zulu,Zulu Description,623,Clevey,Girvin,cgirvinha@odnoklassniki.ru,Human Resources,2017-04-29
4,Oscar,Oscar Description,624,Roderick,Kaser,rkaserhb@so-net.ne.jp,Business Development,2020-05-23
10,Alpha,Alpha Description,625,Jerrome,Skeene,jskeenehc@sfgate.com,Engineering,2006-05-21
1,Tango,Tango Description,626,Korie,Cuphus,kcuphushd@spotify.com,Training,
6,Bravo,Bravo Description,627,Gretel,Maguire,gmaguirehe@ovh.net,Accounting,2004-10-09
9,Kilo,Kilo Description,628,Teddi,Perassi,tperassihf@dailymail.co.uk,Business Development,2019-03-30
6,Bravo,Bravo Description,629,Gipsy,Morit,gmorithg@mozilla.com,Research and Development,2002-10-24
1,Tango,Tango Description,630,Elsa,Barthelet,ebarthelethh@fda.gov,Engineering,2006-12-25
9,Kilo,Kilo Description,631,Vannie,Harvie,vharviehi@devhub.com,Sales,2008-02-29
10,Alpha,Alpha Description,632,Val,Cana,vcanahj@wordpress.com,Marketing,2003-11-07
7,Charlie,Charlie Description,633,Noble,Mitchelmore,nmitchelmorehk@google.co.jp,Support,2021-07-18
3,Zulu,Zulu Description,634,Rafaello,Landrick,rlandrickhl@umich.edu,Engineering,2016-09-30
3,Zulu,Zulu Description,635,Marv,Castelletti,mcastellettihm@constantcontact.com,Training,2016-06-02
8,India,India Description,636,Merrili,Segge,mseggehn@unblog.fr,Sales,2005-08-25
8,India,India Description,637,Kristal,Battersby,kbattersbyho@addthis.com,Product Management,2003-10-29
9,Kilo,Kilo Description,638,Beverlie,Feasey,bfeaseyhp@sciencedaily.com,Marketing,2017-04-21
7,Charlie,Charlie Description,639,Lu,Eustis,leustishq@economist.com,Human Resources,2008-11-07
7,Charlie,Charlie Description,640,Raina,Carnegie,rcarnegiehr@smugmug.com,Business Development,2005-11-12
9,Kilo,Kilo Description,641,Eugine,Rosbrough,erosbroughhs@prweb.com,Sales,2015-09-24
2,Delta,Delta Description,642,Blythe,Tombleson,btomblesonht@fda.gov,Legal,2018-09-12
9,Kilo,Kilo Description,643,Ailina,Coutts,acouttshu@washingtonpost.com,Training,2006-01-08
5,Whiskey,Whiskey Description,644,Corby,Elfleet,celfleethv@istockphoto.com,Research and Development,2006-06-24
6,Bravo,Bravo Description,645,Giffy,Hayfield,ghayfieldhw@tamu.edu,Marketing,2021-03-31
3,Zulu,Zulu Description,646,Ara,Flukes,aflukeshx@nps.gov,Legal,2012-01-23
1,Tango,Tango Description,647,Sabra,Legate,slegatehy@google.it,Sales,2018-06-28
1,Tango,Tango Description,648,Lemar,Linford,llinfordhz@mlb.com,Research and Development,2013-05-26
1,Tango,Tango Description,649,Niles,Blakelock,nblakelocki0@instagram.com,Product Management,2021-08-23
2,Delta,Delta Description,650,Gertrudis,Banford,gbanfordi1@github.com,Legal,2012-08-20
7,Charlie,Charlie Description,651,Del,Levington,dlevingtoni2@unblog.fr,Research and Development,2008-03-31
10,Alpha,Alpha Description,652,Honor,Melling,hmellingi3@walmart.com,Human Resources,
2,Delta,Delta Description,653,Paulita,Brinson,pbrinsoni4@biglobe.ne.jp,Legal,
2,Delta,Delta Description,654,Simon,Elldred,selldredi5@sina.com.cn,Research and Development,2002-10-28
6,Bravo,Bravo Description,655,Eimile,Maudling,emaudlingi6@ocn.ne.jp,Support,2001-03-17
5,Whiskey,Whiskey Description,656,Marlo,Bezants,mbezantsi7@vinaora.com,Research and Development,2011-01-28
8,India,India Description,657,Ysabel,Kibard,ykibardi8@dagondesign.com,Legal,2007-03-26
5,Whiskey,Whiskey Description,658,Lionello,Boyer,lboyeri9@ucoz.ru,Product Management,2008-09-07
3,Zulu,Zulu Description,659,Brandon,Puddan,bpuddania@wordpress.com,Human Resources,
6,Bravo,Bravo Description,660,Danika,Mila,dmilaib@senate.gov,Engineering,2011-11-04
1,Tango,Tango Description,661,Issiah,Zupo,izupoic@craigslist.org,Engineering,2008-07-18
2,Delta,Delta Description,662,Ezequiel,Sandyford,esandyfordid@xing.com,Support,2005-07-14
6,Bravo,Bravo Description,663,Lion,Dunkley,ldunkleyie@stumbleupon.com,Support,
6,Bravo,Bravo Description,664,Adan,Horick,ahorickif@unblog.fr,Human Resources,2021-02-16
1,Tango,Tango Description,665,Cherida,Marcome,cmarcomeig@eventbrite.com,Training,
6,Bravo,Bravo Description,666,Melicent,Giacubo,mgiacuboih@goo.gl,Engineering,2005-07-15
1,Tango,Tango Description,667,Konstantine,Baldoni,kbaldoniii@multiply.com,Training,2001-12-26
6,Bravo,Bravo Description,668,Sarette,Titmarsh,stitmarshij@csmonitor.com,Engineering,2007-02-11
5,Whiskey,Whiskey Description,669,Coral,McAllaster,cmcallasterik@tripod.com,Research and Development,2004-12-24
3,Zulu,Zulu Description,670,Allene,Benardet,abenardetil@people.com.cn,Business Development,2010-11-28
8,India,India Description,671,Angelique,Brim,abrimim@stumbleupon.com,Human Resources,2009-09-17
3,Zulu,Zulu Description,672,Oliver,Dunsmore,odunsmorein@dagondesign.com,Training,2008-06-18
9,Kilo,Kilo Description,673,Cornelius,Skewis,cskewisio@dailymotion.com,Sales,2020-05-26
1,Tango,Tango Description,674,Hillier,Winnett,hwinnettip@google.nl,Sales,2015-10-10
3,Zulu,Zulu Description,675,Marsha,Maddyson,mmaddysoniq@msn.com,Services,2011-05-16
4,Oscar,Oscar Description,676,Almeta,Cawt,acawtir@princeton.edu,Research and Development,2016-10-16
2,Delta,Delta Description,677,Dionysus,Larraway,dlarrawayis@comcast.net,Services,2021-03-16
4,Oscar,Oscar Description,678,Farlie,Scathard,fscathardit@indiegogo.com,Marketing,2002-12-03
4,Oscar,Oscar Description,679,Joseito,Grishanin,jgrishaniniu@ucoz.ru,Research and Development,2003-11-14
10,Alpha,Alpha Description,680,Waverly,Baskeyfield,wbaskeyfieldiv@comcast.net,Business Development,2008-10-15
3,Zulu,Zulu Description,681,Effie,Delooze,edeloozeiw@dedecms.com,Human Resources,2019-12-05
3,Zulu,Zulu Description,682,Aloin,Cecil,acecilix@yale.edu,Support,2018-11-07
3,Zulu,Zulu Description,683,Olenolin,Stobbe,ostobbeiy@twitter.com,Marketing,2016-03-04
1,Tango,Tango Description,684,Whitaker,Kem,wkemiz@cornell.edu,Marketing,2013-09-23
10,Alpha,Alpha Description,685,Serena,Brislane,sbrislanej0@homestead.com,Marketing,
5,Whiskey,Whiskey Description,686,Sukey,Stenson,sstensonj1@blogs.com,Engineering,2019-07-15
7,Charlie,Charlie Description,687,Erda,Drakeley,edrakeleyj2@gmpg.org,Services,2003-03-13
3,Zulu,Zulu Description,688,Isadore,Onslow,ionslowj3@fastcompany.com,Product Management,2020-11-07
1,Tango,Tango Description,689,Laureen,Hast,lhastj4@uol.com.br,Accounting,2020-08-03
10,Alpha,Alpha Description,690,Sebastiano,Rodbourne,srodbournej5@360.cn,Business Development,
8,India,India Description,691,Alfy,Fairholm,afairholmj6@4shared.com,Human Resources,2013-06-17
9,Kilo,Kilo Description,692,Timmi,Tevelov,ttevelovj7@biblegateway.com,Research and Development,2007-12-14
9,Kilo,Kilo Description,693,Reagan,Diaper,rdiaperj8@domainmarket.com,Research and Development,2005-07-30
4,Oscar,Oscar Description,694,Magnum,Vagg,mvaggj9@w3.org,Human Resources,2011-11-11
2,Delta,Delta Description,695,Damien,Atcheson,datchesonja@printfriendly.com,Marketing,2015-05-19
9,Kilo,Kilo Description,696,Tiff,Seeking,tseekingjb@auda.org.au,Business Development,2019-10-18
5,Whiskey,Whiskey Description,697,Stanislas,Fowell,sfowelljc@arizona.edu,Accounting,2005-06-28
6,Bravo,Bravo Description,698,Raddie,Pirazzi,rpirazzijd@opera.com,Support,2007-12-17
3,Zulu,Zulu Description,699,Donny,Saunton,dsauntonje@yahoo.com,Accounting,2021-04-16
7,Charlie,Charlie Description,700,Sollie,Missen,smissenjf@google.com.au,Services,2015-10-23
7,Charlie,Charlie Description,701,Germaine,Ashbolt,gashboltjg@blogger.com,Research and Development,2006-05-15
4,Oscar,Oscar Description,702,Idaline,Ivons,iivonsjh@abc.net.au,Support,2003-07-24
1,Tango,Tango Description,703,Yoko,Schlag,yschlagji@about.com,Research and Development,
1,Tango,Tango Description,704,Mellisent,Jinkinson,mjinkinsonjj@networkadvertising.org,Training,2013-03-15
4,Oscar,Oscar Description,705,Lilah,Sydenham,lsydenhamjk@guardian.co.uk,Services,2007-03-01
6,Bravo,Bravo Description,706,Peter,McGowan,pmcgowanjl@comsenz.com,Services,
8,India,India Description,707,Carlo,Shorland,cshorlandjm@artisteer.com,Sales,2014-06-08
4,Oscar,Oscar Description,708,Babs,Waything,bwaythingjn@twitpic.com,Support,2016-01-18
9,Kilo,Kilo Description,709,Grady,Flounders,gfloundersjo@studiopress.com,Training,2009-01-08
8,India,India Description,710,Carter,Dybald,cdybaldjp@columbia.edu,Research and Development,2014-10-21
5,Whiskey,Whiskey Description,711,Fiann,Ramm,frammjq@apache.org,Services,2002-02-18
1,Tango,Tango Description,712,Goddard,Toplis,gtoplisjr@ibm.com,Product Management,
3,Zulu,Zulu Description,713,Rosabella,McIlwrath,rmcilwrathjs@chicagotribune.com,Support,2007-02-27
4,Oscar,Oscar Description,714,Dolf,Lissaman,dlissamanjt@shutterfly.com,Human Resources,2011-05-19
2,Delta,Delta Description,715,Mollee,Fells,mfellsju@scientificamerican.com,Marketing,2012-02-18
3,Zulu,Zulu Description,716,Francyne,Millea,fmilleajv@epa.gov,Business Development,2021-07-20
5,Whiskey,Whiskey Description,717,Malina,Golt,mgoltjw@drupal.org,Engineering,
5,Whiskey,Whiskey Description,718,Sauncho,Shyres,sshyresjx@a8.net,Accounting,2001-11-26
3,Zulu,Zulu Description,719,Halley,Jane,hjanejy@dmoz.org,Human Resources,2018-11-07
9,Kilo,Kilo Description,720,Coralyn,Mingaye,cmingayejz@uiuc.edu,Business Development,2019-08-11
2,Delta,Delta Description,721,Ladonna,Vasin,lvasink0@issuu.com,Legal,2006-05-28
1,Tango,Tango Description,722,Trevor,Scarrisbrick,tscarrisbrickk1@myspace.com,Business Development,2003-07-28
8,India,India Description,723,Karina,Bullough,kbulloughk2@ehow.com,Research and Development,2020-11-01
8,India,India Description,724,Johann,Hartness,jhartnessk3@columbia.edu,Human Resources,2012-06-19
10,Alpha,Alpha Description,725,Gayle,Melsom,gmelsomk4@boston.com,Accounting,2020-05-06
2,Delta,Delta Description,726,Alphard,Chatfield,achatfieldk5@state.gov,Marketing,2004-03-17
1,Tango,Tango Description,727,Audrye,Lorryman,alorrymank6@naver.com,Sales,2003-03-30
3,Zulu,Zulu Description,728,Lyssa,Jaram,ljaramk7@wordpress.org,Accounting,2020-01-14
10,Alpha,Alpha Description,729,Wells,Laird-Craig,wlairdcraigk8@army.mil,Business Development,2001-01-04
1,Tango,Tango Description,730,Barry,Fend,bfendk9@cnet.com,Sales,2004-01-22
10,Alpha,Alpha Description,731,Darya,Tomasicchio,dtomasicchioka@usa.gov,Human Resources,2009-12-31
7,Charlie,Charlie Description,732,Mordy,MacLucais,mmaclucaiskb@newsvine.com,Sales,2003-09-03
6,Bravo,Bravo Description,733,Moira,Klosges,mklosgeskc@microsoft.com,Sales,2003-02-24
3,Zulu,Zulu Description,734,Charlton,Muzzollo,cmuzzollokd@amazon.co.uk,Legal,
7,Charlie,Charlie Description,735,Katheryn,Suggey,ksuggeyke@webnode.com,Support,2010-06-25
3,Zulu,Zulu Description,736,Enid,Setchfield,esetchfieldkf@gov.uk,Product Management,
4,Oscar,Oscar Description,737,Sophia,Suddards,ssuddardskg@digg.com,Human Resources,2019-02-08
4,Oscar,Oscar Description,738,Beverie,Lewnden,blewndenkh@blogtalkradio.com,Engineering,2017-11-19
9,Kilo,Kilo Description,739,Marney,Bauduccio,mbauduccioki@networksolutions.com,Business Development,2018-05-10
8,India,India Description,740,Richmond,Willmetts,rwillmettskj@skype.com,Research and Development,2014-06-07
2,Delta,Delta Description,741,Zebulen,Dimic,zdimickk@mayoclinic.com,Sales,2013-09-08
9,Kilo,Kilo Description,742,Tani,Sibbons,tsibbonskl@blinklist.com,Human Resources,2001-01-10
8,India,India Description,743,Dulcie,Lopez,dlopezkm@dot.gov,Engineering,2003-12-19
10,Alpha,Alpha Description,744,Corene,Flaunders,cflaunderskn@ask.com,Product Management,2010-10-03
9,Kilo,Kilo Description,745,Marybeth,Arckoll,marckollko@washingtonpost.com,Training,2014-10-01
9,Kilo,Kilo Description,746,Anastasia,Perfitt,aperfittkp@msn.com,Services,2010-04-14
7,Charlie,Charlie Description,747,Madelon,Moyse,mmoysekq@chicagotribune.com,Human Resources,2016-11-30
1,Tango,Tango Description,748,Rodie,Fidler,rfidlerkr@buzzfeed.com,Human Resources,2015-01-29
9,Kilo,Kilo Description,749,Antin,Agiolfinger,aagiolfingerks@bluehost.com,Sales,2005-09-15
4,Oscar,Oscar Description,750,Launce,Pettican,lpetticankt@yahoo.com,Accounting,2009-11-17
1,Tango,Tango Description,751,Hallie,Gresswell,hgresswellku@go.com,Training,2006-11-25
1,Tango,Tango Description,752,Gil,Hunton,ghuntonkv@typepad.com,Marketing,2011-08-29
5,Whiskey,Whiskey Description,753,Beck,Rustman,brustmankw@vkontakte.ru,Sales,2017-10-15
3,Zulu,Zulu Description,754,Fionna,Mattinson,fmattinsonkx@globo.com,Legal,2015-01-17
7,Charlie,Charlie Description,755,Tracey,Cadle,tcadleky@mozilla.org,Sales,2020-09-01
6,Bravo,Bravo Description,756,Babbette,Waplington,bwaplingtonkz@businessweek.com,Marketing,2013-01-30
7,Charlie,Charlie Description,757,Lars,Pach,lpachl0@discuz.net,Support,2016-12-10
10,Alpha,Alpha Description,758,Courtnay,Kleinerman,ckleinermanl1@washingtonpost.com,Human Resources,2011-10-24
8,India,India Description,759,Willem,Szach,wszachl2@liveinternet.ru,Legal,2020-04-14
7,Charlie,Charlie Description,760,Madelon,Vasilkov,mvasilkovl3@bloglovin.com,Training,
9,Kilo,Kilo Description,761,Korry,Twiname,ktwinamel4@twitter.com,Legal,2013-02-10
4,Oscar,Oscar Description,762,Ingar,Peerman,ipeermanl5@sourceforge.net,Accounting,2008-12-25
9,Kilo,Kilo Description,763,Corbie,Bewly,cbewlyl6@redcross.org,Marketing,2011-10-10
4,Oscar,Oscar Description,764,Cathryn,Strutt,cstruttl7@rakuten.co.jp,Research and Development,2013-03-21
4,Oscar,Oscar Description,765,Vergil,Cassels,vcasselsl8@apple.com,Accounting,2005-08-11
4,Oscar,Oscar Description,766,Leisha,Gowdridge,lgowdridgel9@unc.edu,Research and Development,
10,Alpha,Alpha Description,767,Rozina,Caines,rcainesla@mozilla.com,Training,2015-03-23
5,Whiskey,Whiskey Description,768,Nichole,Wort,nwortlb@phoca.cz,Research and Development,2020-06-11
7,Charlie,Charlie Description,769,Duane,Nuschke,dnuschkelc@un.org,Sales,2011-08-25
2,Delta,Delta Description,770,Stephani,Adshad,sadshadld@youtube.com,Marketing,2014-03-07
2,Delta,Delta Description,771,Bax,Calderhead,bcalderheadle@nih.gov,Sales,
7,Charlie,Charlie Description,772,Drew,Edlyn,dedlynlf@paypal.com,Services,2020-05-05
4,Oscar,Oscar Description,773,Bruce,Shrimpling,bshrimplinglg@columbia.edu,Legal,2011-09-01
2,Delta,Delta Description,774,Claybourne,Roback,crobacklh@nyu.edu,Marketing,2014-09-21
8,India,India Description,775,Terry,Mabson,tmabsonli@reverbnation.com,Services,2006-03-23
1,Tango,Tango Description,776,Archer,Dikelin,adikelinlj@pagesperso-orange.fr,Product Management,2005-09-27
10,Alpha,Alpha Description,777,Kendal,Durrance,kdurrancelk@purevolume.com,Support,2003-04-23
3,Zulu,Zulu Description,778,Bailey,Durban,bdurbanll@chronoengine.com,Support,2013-03-19
1,Tango,Tango Description,779,Hillie,Handscombe,hhandscombelm@bravesites.com,Engineering,2014-03-12
4,Oscar,Oscar Description,780,Siana,Norcock,snorcockln@pen.io,Training,2011-03-31
8,India,India Description,781,Bethany,Lear,blearlo@blogger.com,Marketing,2015-12-22
10,Alpha,Alpha Description,782,Hyacinthe,Hawtin,hhawtinlp@mysql.com,Legal,2010-02-09
2,Delta,Delta Description,783,Jervis,Mitchel,jmitchellq@slate.com,Legal,2018-08-09
6,Bravo,Bravo Description,784,Lorry,O'Fergus,loferguslr@japanpost.jp,Product Management,
3,Zulu,Zulu Description,785,Manya,Haugh,mhaughls@nyu.edu,Business Development,2016-10-15
4,Oscar,Oscar Description,786,Winona,Hunnisett,whunnisettlt@posterous.com,Services,2017-09-16
5,Whiskey,Whiskey Description,787,Gracia,Huriche,ghurichelu@patch.com,Services,2003-11-10
3,Zulu,Zulu Description,788,Sher,Fealy,sfealylv@bandcamp.com,Accounting,2016-06-22
4,Oscar,Oscar Description,789,Windy,Pavlata,wpavlatalw@mayoclinic.com,Accounting,2001-09-24
5,Whiskey,Whiskey Description,790,Conney,Rewcassell,crewcasselllx@springer.com,Business Development,2005-05-14
8,India,India Description,791,Osgood,Strognell,ostrognellly@hao123.com,Product Management,2013-02-15
3,Zulu,Zulu Description,792,Cassaundra,Bohl,cbohllz@istockphoto.com,Engineering,2006-11-01
3,Zulu,Zulu Description,793,Pearline,Qusklay,pqusklaym0@chicagotribune.com,Legal,2011-03-06
9,Kilo,Kilo Description,794,Anabella,Sanderson,asandersonm1@rediff.com,Accounting,2016-10-13
9,Kilo,Kilo Description,795,Tracey,Medeway,tmedewaym2@senate.gov,Accounting,2020-08-18
10,Alpha,Alpha Description,796,Margaretta,McCurtain,mmccurtainm3@e-recht24.de,Training,2009-04-17
8,India,India Description,797,Tony,Chirm,tchirmm4@reference.com,Human Resources,2010-01-14
1,Tango,Tango Description,798,Regina,Dressel,rdresselm5@nyu.edu,Training,2020-02-24
8,India,India Description,799,Prentice,Wiltshier,pwiltshierm6@gravatar.com,Research and Development,2008-08-10
2,Delta,Delta Description,800,Cirilo,Togher,ctogherm7@tripod.com,Legal,2005-09-26
2,Delta,Delta Description,801,Steffane,Clute,sclutem8@google.com,Accounting,2018-02-20
6,Bravo,Bravo Description,802,Flori,Nussey,fnusseym9@facebook.com,Human Resources,2008-09-22
8,India,India Description,803,Reeta,Custard,rcustardma@webnode.com,Business Development,2006-10-16
1,Tango,Tango Description,804,Joe,Headingham,jheadinghammb@networksolutions.com,Training,2017-08-05
9,Kilo,Kilo Description,805,Adda,Tomsen,atomsenmc@kickstarter.com,Business Development,2006-12-16
1,Tango,Tango Description,806,Xenia,Clouston,xcloustonmd@netscape.com,Sales,2006-03-20
10,Alpha,Alpha Description,807,Sim,Brandi,sbrandime@ow.ly,Product Management,2009-12-26
5,Whiskey,Whiskey Description,808,Merwyn,Tewes,mtewesmf@marketwatch.com,Engineering,
6,Bravo,Bravo Description,809,Karel,Rawcliffe,krawcliffemg@ask.com,Human Resources,2004-06-01
7,Charlie,Charlie Description,810,Cecil,Barrar,cbarrarmh@devhub.com,Sales,2008-12-26
5,Whiskey,Whiskey Description,811,Perle,Donisi,pdonisimi@blog.com,Product Management,
8,India,India Description,812,Reagan,Benettolo,rbenettolomj@usnews.com,Accounting,
10,Alpha,Alpha Description,813,Daryn,Keelin,dkeelinmk@salon.com,Engineering,2021-07-18
7,Charlie,Charlie Description,814,Harris,Kelberman,hkelbermanml@alibaba.com,Services,2008-12-09
8,India,India Description,815,Hailey,Rief,hriefmm@simplemachines.org,Marketing,2020-12-01
2,Delta,Delta Description,816,Dimitry,Copyn,dcopynmn@latimes.com,Services,2011-11-16
3,Zulu,Zulu Description,817,Pooh,Calow,pcalowmo@feedburner.com,Engineering,2011-04-06
4,Oscar,Oscar Description,818,Robyn,Ellerman,rellermanmp@pagesperso-orange.fr,Legal,2013-11-14
2,Delta,Delta Description,819,Dario,Napton,dnaptonmq@booking.com,Accounting,2016-11-18
6,Bravo,Bravo Description,820,Britt,Deniset,bdenisetmr@github.io,Human Resources,2020-05-16
3,Zulu,Zulu Description,821,Margit,Featherstonehaugh,mfeatherstonehaughms@usa.gov,Research and Development,
7,Charlie,Charlie Description,822,Audra,Oxlade,aoxlademt@cbsnews.com,Marketing,2015-08-17
8,India,India Description,823,Ann-marie,Chastel,achastelmu@yale.edu,Research and Development,2001-11-25
10,Alpha,Alpha Description,824,Bayard,Nan Carrow,bnancarrowmv@linkedin.com,Business Development,
4,Oscar,Oscar Description,825,Henrik,Addicote,haddicotemw@google.co.jp,Business Development,2007-05-22
7,Charlie,Charlie Description,826,Adler,Cotterel,acotterelmx@eventbrite.com,Business Development,2009-06-27
3,Zulu,Zulu Description,827,Gillie,Blackborow,gblackborowmy@amazon.co.jp,Human Resources,2016-02-20
9,Kilo,Kilo Description,828,Simmonds,Klosa,sklosamz@barnesandnoble.com,Business Development,2008-04-07
10,Alpha,Alpha Description,829,Cornall,Puvia,cpuvian0@bbb.org,Marketing,2016-09-10
8,India,India Description,830,Koressa,Fitzer,kfitzern1@google.fr,Legal,2019-11-01
1,Tango,Tango Description,831,Ryan,Stronack,rstronackn2@surveymonkey.com,Product Management,2012-12-25
7,Charlie,Charlie Description,832,John,Spilling,jspillingn3@purevolume.com,Marketing,2016-03-26
2,Delta,Delta Description,833,Arch,Tinto,atinton4@nature.com,Research and Development,2004-02-12
2,Delta,Delta Description,834,Eustace,Chilles,echillesn5@ox.ac.uk,Human Resources,2005-10-22
10,Alpha,Alpha Description,835,Erica,Poytres,epoytresn6@dailymotion.com,Accounting,2020-02-22
9,Kilo,Kilo Description,836,Malinde,Averill,maverilln7@elegantthemes.com,Engineering,2018-05-30
1,Tango,Tango Description,837,Merci,Cowoppe,mcowoppen8@wunderground.com,Research and Development,2016-12-30
9,Kilo,Kilo Description,838,Gannie,Fairlam,gfairlamn9@foxnews.com,Sales,2011-10-05
4,Oscar,Oscar Description,839,Roshelle,Pentin,rpentinna@51.la,Business Development,2005-12-29
8,India,India Description,840,Dominga,Gruby,dgrubynb@purevolume.com,Legal,2011-04-23
4,Oscar,Oscar Description,841,Raina,Azam,razamnc@dot.gov,Marketing,2013-05-09
5,Whiskey,Whiskey Description,842,Jobyna,Friatt,jfriattnd@uiuc.edu,Accounting,2013-06-15
9,Kilo,Kilo Description,843,Teriann,Casetti,tcasettine@joomla.org,Sales,2018-11-04
5,Whiskey,Whiskey Description,844,Margot,Sindle,msindlenf@surveymonkey.com,Training,2018-02-13
9,Kilo,Kilo Description,845,Ferrell,Seman,fsemanng@nps.gov,Support,
2,Delta,Delta Description,846,Rora,Dyke,rdykenh@fotki.com,Legal,
2,Delta,Delta Description,847,Hube,Bayldon,hbayldonni@ted.com,Accounting,
9,Kilo,Kilo Description,848,Holmes,Giovannelli,hgiovannellinj@cnet.com,Engineering,2003-01-03
9,Kilo,Kilo Description,849,Noble,Lindenbaum,nlindenbaumnk@oracle.com,Research and Development,2012-11-22
8,India,India Description,850,Sascha,Thomen,sthomennl@wisc.edu,Services,2018-06-05
2,Delta,Delta Description,851,Anselma,McCroft,amccroftnm@sohu.com,Human Resources,2003-01-04
5,Whiskey,Whiskey Description,852,Lexie,Kilius,lkiliusnn@oakley.com,Training,
5,Whiskey,Whiskey Description,853,Griffin,Battle,gbattleno@imageshack.us,Services,2002-09-09
7,Charlie,Charlie Description,854,Sarina,Rothon,srothonnp@wikispaces.com,Services,2018-08-06
6,Bravo,Bravo Description,855,Lethia,Cobley,lcobleynq@goodreads.com,Human Resources,2020-03-11
4,Oscar,Oscar Description,856,Pearce,Yerby,pyerbynr@360.cn,Training,2002-05-14
6,Bravo,Bravo Description,857,Ivie,Iglesiaz,iiglesiazns@marketwatch.com,Human Resources,2011-05-12
4,Oscar,Oscar Description,858,Annalise,Austing,aaustingnt@issuu.com,Marketing,2015-04-10
7,Charlie,Charlie Description,859,Dimitri,Domerque,ddomerquenu@blogger.com,Accounting,2001-06-02
7,Charlie,Charlie Description,860,Josephina,Lilly,jlillynv@mit.edu,Engineering,2002-06-01
7,Charlie,Charlie Description,861,Hanni,Jeskin,hjeskinnw@bloglovin.com,Legal,2012-11-18
5,Whiskey,Whiskey Description,862,Zebadiah,Goldspink,zgoldspinknx@blogs.com,Sales,2001-05-07
7,Charlie,Charlie Description,863,Sander,Milsted,smilstedny@biglobe.ne.jp,Engineering,2009-12-02
4,Oscar,Oscar Description,864,Sada,Duckett,sduckettnz@nbcnews.com,Engineering,2005-09-20
4,Oscar,Oscar Description,865,Melody,Amori,mamorio0@businessinsider.com,Sales,2006-06-16
2,Delta,Delta Description,866,Aguste,Duchenne,aduchenneo1@4shared.com,Accounting,2019-08-25
6,Bravo,Bravo Description,867,Sonya,Allcock,sallcocko2@sohu.com,Product Management,2015-07-10
9,Kilo,Kilo Description,868,Mabelle,Beartup,mbeartupo3@bloglovin.com,Legal,2018-10-11
8,India,India Description,869,Dela,Penning,dpenningo4@reference.com,Human Resources,2007-10-17
8,India,India Description,870,Amble,Netley,anetleyo5@stumbleupon.com,Engineering,2007-02-01
9,Kilo,Kilo Description,871,Janet,Shere,jshereo6@dagondesign.com,Services,2015-12-15
9,Kilo,Kilo Description,872,Hunt,Redihalgh,hredihalgho7@phoca.cz,Accounting,2014-12-20
1,Tango,Tango Description,873,Janeczka,Colwill,jcolwillo8@live.com,Accounting,2019-04-24
7,Charlie,Charlie Description,874,Beverlie,Peaurt,bpeaurto9@bbc.co.uk,Human Resources,2016-12-03
8,India,India Description,875,Lawrence,Yeowell,lyeowelloa@theguardian.com,Legal,2019-07-23
6,Bravo,Bravo Description,876,Kessiah,Gingold,kgingoldob@desdev.cn,Accounting,2008-09-02
10,Alpha,Alpha Description,877,Jacquenette,Bonar,jbonaroc@symantec.com,Research and Development,
7,Charlie,Charlie Description,878,Wilden,McWhinnie,wmcwhinnieod@java.com,Engineering,
10,Alpha,Alpha Description,879,Lindon,Elderkin,lelderkinoe@angelfire.com,Legal,2010-01-15
8,India,India Description,880,Case,Acott,cacottof@noaa.gov,Training,2003-04-16
3,Zulu,Zulu Description,881,Debi,Pygott,dpygottog@un.org,Legal,2006-12-21
2,Delta,Delta Description,882,Dave,Perry,dperryoh@canalblog.com,Product Management,2012-06-26
4,Oscar,Oscar Description,883,Koralle,Shortell,kshortelloi@friendfeed.com,Legal,2002-06-26
9,Kilo,Kilo Description,884,Anastassia,Simmings,asimmingsoj@tiny.cc,Services,2019-03-03
2,Delta,Delta Description,885,Vic,McCreary,vmccrearyok@whitehouse.gov,Marketing,2002-12-18
9,Kilo,Kilo Description,886,Lynnett,Ainger,laingerol@hexun.com,Product Management,2009-12-04
7,Charlie,Charlie Description,887,Vin,Kobpac,vkobpacom@twitter.com,Legal,2005-11-06
10,Alpha,Alpha Description,888,Gifford,Hurford,ghurfordon@com.com,Sales,2005-01-05
5,Whiskey,Whiskey Description,889,Eydie,Denyer,edenyeroo@jalbum.net,Engineering,2005-05-22
10,Alpha,Alpha Description,890,Marlo,Shirlaw,mshirlawop@eepurl.com,Legal,2009-12-09
5,Whiskey,Whiskey Description,891,Enid,Neillans,eneillansoq@newyorker.com,Marketing,2009-11-08
10,Alpha,Alpha Description,892,Rosaleen,Handman,rhandmanor@springer.com,Engineering,2012-06-23
4,Oscar,Oscar Description,893,Randee,Willoughway,rwilloughwayos@cocolog-nifty.com,Training,
7,Charlie,Charlie Description,894,Ilyse,Cowpertwait,icowpertwaitot@cocolog-nifty.com,Sales,2010-08-03
5,Whiskey,Whiskey Description,895,Lucho,MacTrustram,lmactrustramou@hud.gov,Support,2011-05-02
8,India,India Description,896,Susie,Twinborough,stwinboroughov@odnoklassniki.ru,Accounting,2021-08-06
5,Whiskey,Whiskey Description,897,Trueman,Astle,tastleow@behance.net,Research and Development,2011-03-08
1,Tango,Tango Description,898,Donaugh,Paynes,dpaynesox@nydailynews.com,Services,
8,India,India Description,899,Rollie,Peres,rperesoy@ifeng.com,Business Development,2017-12-12
9,Kilo,Kilo Description,900,Waylan,Ashborne,washborneoz@bluehost.com,Support,2015-06-13
4,Oscar,Oscar Description,901,Lynda,Chalmers,lchalmersp0@latimes.com,Support,2021-05-04
3,Zulu,Zulu Description,902,Eden,Pilkinton,epilkintonp1@topsy.com,Marketing,2010-08-30
4,Oscar,Oscar Description,903,Brianna,Scrammage,bscrammagep2@oaic.gov.au,Research and Development,2001-03-23
3,Zulu,Zulu Description,904,Haleigh,Thornley,hthornleyp3@uol.com.br,Legal,2004-09-21
2,Delta,Delta Description,905,Bradly,Dovey,bdoveyp4@army.mil,Business Development,2015-07-04
1,Tango,Tango Description,906,Janeen,Witham,jwithamp5@spotify.com,Legal,
3,Zulu,Zulu Description,907,Kort,Olpin,kolpinp6@blogs.com,Legal,
1,Tango,Tango Description,908,Samara,Gregor,sgregorp7@jugem.jp,Engineering,2017-05-17
3,Zulu,Zulu Description,909,Lek,Bourbon,lbourbonp8@hostgator.com,Legal,2011-05-08
2,Delta,Delta Description,910,Lester,Rainey,lraineyp9@csmonitor.com,Human Resources,2017-01-11
5,Whiskey,Whiskey Description,911,Salvidor,Eppson,seppsonpa@utexas.edu,Support,2006-11-11
3,Zulu,Zulu Description,912,Vinny,Kunneke,vkunnekepb@taobao.com,Human Resources,2020-10-05
1,Tango,Tango Description,913,Oswald,Disbrow,odisbrowpc@slate.com,Engineering,2012-10-08
8,India,India Description,914,Justinn,Gooden,jgoodenpd@statcounter.com,Sales,2002-11-19
10,Alpha,Alpha Description,915,Hamish,Ebbs,hebbspe@fotki.com,Human Resources,2003-04-13
6,Bravo,Bravo Description,916,Klaus,Verheijden,kverheijdenpf@cbslocal.com,Marketing,2004-02-05
7,Charlie,Charlie Description,917,Marthena,O'Keevan,mokeevanpg@360.cn,Engineering,2002-02-17
7,Charlie,Charlie Description,918,Rhona,Hambidge,rhambidgeph@google.pl,Support,2016-08-15
4,Oscar,Oscar Description,919,Olva,Dutnall,odutnallpi@sina.com.cn,Training,2010-08-23
10,Alpha,Alpha Description,920,Tris,Peck,tpeckpj@answers.com,Training,2009-02-25
3,Zulu,Zulu Description,921,Mario,Baggarley,mbaggarleypk@1und1.de,Training,2019-09-05
6,Bravo,Bravo Description,922,Hagen,Rider,hriderpl@webs.com,Engineering,2011-11-30
1,Tango,Tango Description,923,Oralie,Pautard,opautardpm@sciencedaily.com,Training,2014-07-18
5,Whiskey,Whiskey Description,924,Chiquita,Dowden,cdowdenpn@miibeian.gov.cn,Support,2005-08-06
1,Tango,Tango Description,925,Nola,Hlavecek,nhlavecekpo@google.nl,Product Management,2005-08-05
3,Zulu,Zulu Description,926,Colin,Svanetti,csvanettipp@irs.gov,Business Development,2010-10-17
3,Zulu,Zulu Description,927,Callean,Ringrose,cringrosepq@uiuc.edu,Marketing,2015-11-18
8,India,India Description,928,Jose,Truran,jtruranpr@linkedin.com,Human Resources,2007-03-18
6,Bravo,Bravo Description,929,Sheffield,Winsley,swinsleyps@bluehost.com,Services,2010-11-04
3,Zulu,Zulu Description,930,Helen-elizabeth,Tingly,htinglypt@hud.gov,Product Management,2013-04-09
6,Bravo,Bravo Description,931,Estella,Pohling,epohlingpu@privacy.gov.au,Accounting,
9,Kilo,Kilo Description,932,Nico,Petrushkevich,npetrushkevichpv@wisc.edu,Research and Development,
7,Charlie,Charlie Description,933,Gabriellia,Mangam,gmangampw@archive.org,Research and Development,2016-11-02
10,Alpha,Alpha Description,934,Lily,Simeon,lsimeonpx@msu.edu,Sales,2012-07-07
8,India,India Description,935,Skipper,Leaver,sleaverpy@blogspot.com,Marketing,2012-01-26
8,India,India Description,936,Valerye,Bang,vbangpz@istockphoto.com,Research and Development,2003-05-05
9,Kilo,Kilo Description,937,Mary,Duck,mduckq0@qq.com,Sales,2014-08-07
8,India,India Description,938,Michelina,Petrushkevich,mpetrushkevichq1@examiner.com,Engineering,2009-07-16
7,Charlie,Charlie Description,939,Melodee,Skeggs,mskeggsq2@slideshare.net,Research and Development,2021-03-16
9,Kilo,Kilo Description,940,Kathie,Monsey,kmonseyq3@mac.com,Marketing,2021-08-19
4,Oscar,Oscar Description,941,Jaquith,Arthey,jartheyq4@irs.gov,Sales,2018-06-10
5,Whiskey,Whiskey Description,942,Edythe,Whilder,ewhilderq5@friendfeed.com,Business Development,2017-02-20
1,Tango,Tango Description,943,Vonni,Stroton,vstrotonq6@bing.com,Services,2004-01-20
9,Kilo,Kilo Description,944,Tawsha,Jeanneau,tjeanneauq7@g.co,Research and Development,
9,Kilo,Kilo Description,945,Easter,Kase,ekaseq8@nsw.gov.au,Human Resources,2005-05-04
2,Delta,Delta Description,946,Alysia,Marquese,amarqueseq9@slideshare.net,Services,2018-11-02
5,Whiskey,Whiskey Description,947,Elihu,Walduck,ewalduckqa@tmall.com,Product Management,2012-12-03
10,Alpha,Alpha Description,948,Kirby,Gian,kgianqb@youku.com,Support,2012-03-16
4,Oscar,Oscar Description,949,Jobey,Hixson,jhixsonqc@cbc.ca,Sales,2001-08-02
3,Zulu,Zulu Description,950,Courtnay,Muir,cmuirqd@nymag.com,Product Management,2001-02-20
8,India,India Description,951,Goldie,Marvel,gmarvelqe@aboutads.info,Accounting,2007-11-15
4,Oscar,Oscar Description,952,Ernaline,Gunter,egunterqf@infoseek.co.jp,Human Resources,2001-07-05
10,Alpha,Alpha Description,953,Donn,Soigne,dsoigneqg@techcrunch.com,Services,2015-06-30
9,Kilo,Kilo Description,954,Marissa,Gowrie,mgowrieqh@apple.com,Human Resources,2011-10-19
1,Tango,Tango Description,955,Verine,Kynton,vkyntonqi@guardian.co.uk,Legal,2019-06-16
1,Tango,Tango Description,956,Joceline,Moorwood,jmoorwoodqj@umich.edu,Business Development,2006-02-01
6,Bravo,Bravo Description,957,Stephanie,Aubrey,saubreyqk@macromedia.com,Support,2017-09-20
9,Kilo,Kilo Description,958,Fern,enzley,fenzleyql@arstechnica.com,Engineering,
5,Whiskey,Whiskey Description,959,Helenelizabeth,Yarrall,hyarrallqm@rambler.ru,Sales,2020-09-20
8,India,India Description,960,Beverley,Marl,bmarlqn@theglobeandmail.com,Training,2015-04-13
10,Alpha,Alpha Description,961,Cristina,Brosius,cbrosiusqo@posterous.com,Research and Development,
9,Kilo,Kilo Description,962,Kahlil,Covely,kcovelyqp@apache.org,Services,2008-11-23
8,India,India Description,963,Hinze,Adamthwaite,hadamthwaiteqq@tripod.com,Training,2008-06-01
8,India,India Description,964,Gordan,Bastie,gbastieqr@google.com.au,Research and Development,2014-05-20
3,Zulu,Zulu Description,965,Rose,Pautot,rpautotqs@ucoz.com,Product Management,2009-04-11
5,Whiskey,Whiskey Description,966,Paloma,Maltman,pmaltmanqt@spiegel.de,Research and Development,2017-04-15
8,India,India Description,967,Charles,Arboin,carboinqu@umich.edu,Research and Development,2007-06-26
7,Charlie,Charlie Description,968,Wilfrid,Trahar,wtraharqv@japanpost.jp,Research and Development,2008-07-14
8,India,India Description,969,Elspeth,Cullon,ecullonqw@opera.com,Human Resources,2014-08-27
9,Kilo,Kilo Description,970,Augie,Cockarill,acockarillqx@google.fr,Legal,2018-09-13
2,Delta,Delta Description,971,Alaric,Spitell,aspitellqy@jalbum.net,Research and Development,2011-09-27
4,Oscar,Oscar Description,972,Prudy,MacCarter,pmaccarterqz@home.pl,Services,
10,Alpha,Alpha Description,973,Ambrose,Coat,acoatr0@netvibes.com,Accounting,2020-05-24
6,Bravo,Bravo Description,974,Jenna,Hornbuckle,jhornbuckler1@chronoengine.com,Training,2017-09-28
5,Whiskey,Whiskey Description,975,Jasmina,Lanigan,jlaniganr2@github.io,Marketing,2019-02-17
4,Oscar,Oscar Description,976,Doralyn,Carmel,dcarmelr3@tripod.com,Accounting,2011-07-15
9,Kilo,Kilo Description,977,Jo-ann,Gerrans,jgerransr4@si.edu,Training,2001-12-12
2,Delta,Delta Description,978,Chen,Island,cislandr5@mapquest.com,Support,2006-11-20
9,Kilo,Kilo Description,979,Bryn,Lattos,blattosr6@msu.edu,Engineering,2015-08-29
7,Charlie,Charlie Description,980,Harrison,Du Hamel,hduhamelr7@xing.com,Business Development,
8,India,India Description,981,Mireille,Hallede,mhalleder8@fema.gov,Training,2002-03-05
9,Kilo,Kilo Description,982,Archy,Blumsom,ablumsomr9@house.gov,Support,2005-06-07
3,Zulu,Zulu Description,983,Hewett,Hammerich,hhammerichra@etsy.com,Product Management,2007-09-07
9,Kilo,Kilo Description,984,La verne,Heazel,lheazelrb@cpanel.net,Support,2019-12-11
8,India,India Description,985,Nichole,Tewkesberry,ntewkesberryrc@skype.com,Human Resources,2007-08-26
2,Delta,Delta Description,986,Hermann,Windham,hwindhamrd@cbsnews.com,Research and Development,2006-02-05
10,Alpha,Alpha Description,987,Trix,O'Crigan,tocriganre@yahoo.co.jp,Human Resources,2016-03-05
7,Charlie,Charlie Description,988,Joellyn,Mettrick,jmettrickrf@canalblog.com,Research and Development,2018-03-05
4,Oscar,Oscar Description,989,Gianni,Frowen,gfrowenrg@macromedia.com,Human Resources,2013-03-06
2,Delta,Delta Description,990,Yank,Elsom,yelsomrh@fastcompany.com,Training,2011-02-24
6,Bravo,Bravo Description,991,Boothe,Chesher,bchesherri@lulu.com,Marketing,
2,Delta,Delta Description,992,Concettina,Kochl,ckochlrj@gnu.org,Research and Development,2003-06-28
8,India,India Description,993,Randene,Thurlborn,rthurlbornrk@tmall.com,Legal,2021-05-01
10,Alpha,Alpha Description,994,Mikey,Stockford,mstockfordrl@edublogs.org,Accounting,2021-05-03
1,Tango,Tango Description,995,Sharia,Thairs,sthairsrm@epa.gov,Engineering,2006-01-03
3,Zulu,Zulu Description,996,Vladimir,Dampier,vdampierrn@wiley.com,Marketing,2002-03-17
1,Tango,Tango Description,997,Linet,Stockill,lstockillro@washington.edu,Human Resources,2010-12-07
1,Tango,Tango Description,998,Huberto,Muldoon,hmuldoonrp@free.fr,Sales,2015-12-29
5,Whiskey,Whiskey Description,999,Kamila,Boylin,kboylinrq@free.fr,Legal,2015-11-29
10,Alpha,Alpha Description,1000,Lloyd,Jollie,ljollierr@tamu.edu,Research and Development,2017-11-10
